+15809516767
+15803011854
+15805309341
+15805744588
+15806701768
+15809199669
+15802918051
+15802910335
+15809516700
+15803747871
+15802733015
+15807060691
+15807681920
+15808170752
+15809511510
+15807068194
+15805798456
+15805793988
+15802913995
+15805791105
+15805740280
+15809566495
+15803343099
+15807214188
+15802735500
+15804613237
+15809190652
+15802910503
+15803747226
+15804500688
+15807685725
+15805791550
+15805748068
+15805748887
+15809510332
+15807684407
+15804188013
+15802913962
+15807613586
+15807680282
+15802738588
+15804617970
+15803346136
+15806932008
+15803747920
+15807611810
+15805509010
+15805607679
+15802732602
+15807061654
+15808050842
+15802913005
+15803748988
+15805794362
+15807681902
+15805792610
+15804500299
+15804187116
+15804187569
+15805795000
+15807069435
+15804491162
+15805603482
+15807684099
+15805745506
+15803011138
+15802911870
+15805746148
+15805798761
+15809568091
+15805796390
+15809564021
+15804500054
+15809191762
+15804611802
+15803341228
+15803349815
+15802734496
+15805606916
+15809511585
+15805748528
+15802919085
+15802913681
+15805749496
+15804187358
+15805741465
+15809197034
+15803346549
+15807066280
+15805747582
+15805790899
+15803344165
+15804610724
+15804617046
+15809564428
+15804614410
+15809563937
+15803901158
+15806701299
+15805304394
+15805308753
+15805793952
+15805308488
+15803900259
+15805792875
+15803074431
+15809516195
+15809564385
+15802915026
+15807061479
+15809190975
+15807210263
+15805740508
+15809198152
+15805506659
+15806701691
+15805740504
+15803342636
+15805799306
+15803342253
+15807061270
+15802733982
+15808050800
+15804617176
+15807680386
+15809564081
+15807068347
+15803074184
+15803748857
+15809513335
+15805304702
+15804188440
+15805746556
+15806704132
+15804501964
+15807683626
+15803748188
+15809514591
+15803014998
+15803013312
+15805743838
+15803748360
+15808170800
+15807685976
+15804501495
+15803012260
+15805304505
+15807613375
+15807213068
+15809515347
+15802734169
+15802913329
+15809511924
+15804615573
+15805609234
+15809564464
+15804500970
+15805600791
+15807210141
+15805303649
+15809198432
+15802917121
+15809516704
+15803347871
+15807069451
+15805795726
+15804491752
+15804502982
+15805797544
+15805301619
+15805605903
+15802917565
+15804613198
+15809196660
+15809198438
+15807680699
+15807610060
+15805740221
+15803348175
+15807219239
+15803900545
+15807061246
+15807685874
+15805792024
+15802917762
+15809510117
+15808050316
+15809510498
+15807219446
+15807689262
+15803342394
+15802912400
+15803748058
+15802735035
+15809198696
+15807685022
+15807618616
+15804616268
+15805746021
+15805793343
+15803012761
+15802916598
+15807682813
+15807799182
+15805607619
+15807617605
+15804617594
+15803742236
+15803748171
+15804187554
+15802916991
+15809513885
+15802736916
+15802914511
+15806700305
+15803010933
+15803743755
+15805747890
+15805747947
+15807613463
+15804617713
+15804610979
+15809564573
+15809199068
+15809199996
+15809196079
+15805747603
+15805603708
+15803747638
+15805741485
+15805603755
+15806701946
+15802916461
+15803741161
+15809040505
+15807616579
+15803074818
+15807614070
+15807610540
+15803343530
+15806701305
+15803340164
+15807617692
+15809513953
+15807618545
+15804610732
+15807683275
+15804617202
+15803346138
+15807211060
+15809516833
+15807616120
+15809192251
+15806704742
+15808171260
+15809513131
+15803344281
+15803077842
+15803748674
+15809196561
+15803345211
+15807500664
+15809564850
+15802912111
+15807069536
+15807614666
+15805605310
+15807685855
+15805748425
+15809195139
+15809519220
+15803741255
+15807610848
+15809560443
+15807068851
+15805795700
+15807618562
+15806701927
+15808171088
+15803072444
+15809510783
+15803744105
+15809195013
+15803011194
+15803074461
+15806930940
+15809198613
+15803745979
+15803011142
+15805746523
+15804188772
+15803748049
+15805601392
+15805749276
+15802739885
+15803013987
+15807214921
+15807061018
+15807214227
+15803012235
+15807684696
+15805745646
+15803010470
+15808171423
+15805790736
+15803349933
+15809514931
+15802917618
+15809190849
+15807684545
+15805793054
+15807612387
+15805603759
+15805302057
+15805741973
+15802917344
+15805794462
+15807612959
+15802911116
+15802918768
+15807612727
+15803741158
+15802913841
+15805748646
+15805796283
+15809515134
+15802913736
+15802918281
+15805793860
+15805304523
+15808170501
+15805744844
+15802916639
+15805748757
+15809566206
+15807684380
+15805740053
+15807684055
+15807610287
+15805796939
+15805744227
+15802912091
+15805796102
+15803742938
+15809518068
+15803079242
+15809562550
+15809197503
+15803348515
+15805501937
+15809519491
+15804500903
+15807617627
+15804500232
+15807061120
+15805309001
+15803011460
+15807682174
+15807610056
+15804500985
+15807613485
+15805790605
+15809194527
+15805796983
+15803013078
+15805741833
+15807069152
+15809191146
+15805302409
+15803742753
+15805740804
+15807619654
+15807211646
+15804618080
+15807684452
+15803341277
+15807069526
+15807069089
+15807683386
+15806704932
+15805506974
+15803747480
+15804617504
+15804611760
+15802910609
+15806932164
+15805742986
+15805796281
+15805303605
+15803348033
+15805742438
+15804618448
+15802915185
+15807689912
+15805600864
+15809300835
+15807689805
+15809518871
+15809569656
+15804618678
+15805743545
+15805795905
+15803743104
+15807689621
+15805741314
+15805740218
+15809195108
+15802918504
+15803747309
+15807681935
+15803343999
+15803747282
+15805749974
+15805796700
+15805794627
+15805501320
+15804612944
+15804501092
+15807614167
+15803349487
+15803010405
+15807682210
+15807701985
+15807684148
+15803010245
+15803010956
+15803745107
+15802918616
+15807688327
+15802913707
+15805509633
+15807680926
+15803340769
+15803075656
+15803014244
+15809191915
+15806700591
+15805742904
+15805749319
+15803902793
+15806705212
+15809198501
+15809518991
+15805794755
+15803072440
+15805300365
+15808170853
+15803345307
+15804187084
+15803747379
+15802732286
+15805798565
+15807613646
+15809513104
+15805743717
+15803745056
+15809519747
+15802739010
+15805745446
+15805745699
+15803345900
+15806701538
+15804611533
+15803743377
+15805791965
+15802736167
+15807617218
+15805302148
+15809514692
+15806701807
+15803341525
+15805791778
+15803903887
+15805506847
+15803347912
+15803745014
+15807210625
+15803340494
+15802732038
+15809197969
+15809190879
+15809192034
+15807219964
+15803346776
+15809199496
+15803347477
+15807683084
+15804615434
+15805605305
+15807613497
+15804614257
+15809198606
+15803349197
+15805601716
+15809192911
+15805793127
+15803346470
+15803010870
+15807684984
+15805791025
+15808171411
+15807066149
+15802910430
+15809569079
+15805795860
+15802912230
+15802913871
+15805749559
+15805601915
+15809300214
+15804611926
+15807069922
+15807615410
+15803748264
+15802910447
+15809513922
+15805741448
+15809513642
+15807611153
+15805305879
+15802913316
+15809190721
+15805747654
+15806700003
+15805604764
+15805798693
+15803010304
+15807214879
+15807214017
+15804613899
+15802912753
+15809560591
+15805742252
+15805790940
+15809563542
+15805749984
+15809191184
+15805603574
+15805747537
+15803744861
+15804617445
+15802735101
+15803743842
+15809510262
+15805601550
+15807685837
+15807799017
+15807799417
+15807684233
+15804614756
+15803342987
+15807610165
+15805302757
+15809191160
+15809198174
+15804611610
+15804617645
+15803342548
+15805748334
+15803011942
+15809198649
+15804502922
+15802915403
+15809518227
+15807500208
+15803342216
+15809199060
+15807210047
+15802912137
+15805748154
+15804507063
+15806705359
+15805743993
+15805500899
+15805607549
+15805301172
+15808051297
+15807680813
+15807619165
+15809191891
+15803331045
+15809569666
+15803077507
+15805744220
+15804187252
+15809519505
+15807617689
+15807615931
+15802915939
+15807610223
+15809300297
+15803075748
+15805797478
+15802913141
+15805745269
+15809197848
+15807061924
+15807689248
+15805304297
+15809510590
+15805601408
+15809512843
+15805749013
+15809195450
+15804613427
+15804617742
+15802738080
+15809192800
+15805790350
+15806708729
+15809564360
+15807618337
+15807210351
+15804500557
+15802738832
+15803349407
+15802916264
+15807618832
+15803901274
+15805302522
+15803900036
+15807619522
+15808171481
+15803347861
+15803349208
+15807680664
+15803345032
+15809194430
+15807068308
+15805305382
+15803012116
+15805600860
+15803013302
+15805743502
+15805742713
+15804612517
+15807612559
+15804500118
+15807061203
+15809192357
+15806702029
+15802915830
+15803013098
+15803742087
+15803741289
+15805744618
+15807610895
+15807681255
+15803012742
+15803748178
+15807060850
+15803012554
+15805301426
+15806000243
+15804505494
+15804615728
+15805740686
+15803903205
+15807689202
+15803014347
+15804500717
+15809518884
+15807683409
+15803013868
+15806930651
+15803011633
+15805799576
+15807611118
+15803743223
+15803346990
+15803748077
+15802738022
+15805301116
+15803075808
+15805506162
+15805791523
+15809192981
+15803072156
+15805302507
+15804614572
+15803010615
+15805790380
+15805796658
+15807211494
+15802914304
+15804611306
+15806704789
+15803079809
+15804612963
+15808171129
+15804610996
+15803741323
+15809512687
+15809563846
+15804610002
+15807617002
+15807689830
+15805748051
+15804613242
+15807613564
+15805793147
+15803072352
+15805744928
+15802915209
+15803343810
+15809561533
+15808170852
+15803344034
+15805309513
+15805309523
+15803900057
+15803341294
+15809511128
+15807685644
+15803744097
+15807610537
+15804611343
+15803349272
+15802914305
+15807068817
+15802737312
+15803742163
+15803742990
+15802919521
+15809511214
+15805790705
+15807612173
+15802915179
+15807500256
+15807611443
+15807069255
+15805746294
+15803743180
+15804188086
+15802739919
+15806930687
+15803072350
+15803903393
+15805798805
+15809195311
+15804500354
+15803347538
+15806700637
+15807068263
+15808170715
+15809199612
+15809511357
+15807680920
+15804619970
+15805741582
+15807219608
+15805799917
+15805742594
+15805745969
+15807618541
+15802919480
+15803012434
+15807616534
+15803010138
+15803748135
+15803748240
+15809199066
+15807613205
+15803012960
+15803019360
+15805607552
+15804612298
+15807618649
+15809518087
+15803742868
+15803902510
+15802912741
+15805748434
+15805746285
+15807219107
+15807211543
+15803741778
+15807611980
+15804619926
+15807219160
+15807614747
+15803741318
+15803344302
+15805309366
+15802738092
+15809197823
+15809191397
+15805745912
+15805309178
+15805748273
+15807614007
+15805749987
+15809300213
+15805608771
+15805748564
+15805300203
+15807611001
+15809191315
+15803742054
+15803012793
+15805794927
+15803903923
+15809510902
+15802913410
+15805749796
+15806707216
+15805795590
+15807612703
+15806709076
+15803745909
+15803012007
+15802918961
+15809197393
+15805509736
+15805600026
+15802915055
+15807614265
+15805798548
+15803072930
+15809510229
+15809196163
+15807689535
+15804619061
+15804619543
+15807618895
+15802911063
+15807614041
+15807500110
+15809193922
+15805506622
+15807611976
+15802917796
+15802915438
+15809569709
+15804617165
+15803743315
+15805745452
+15806000219
+15805603313
+15803075371
+15806930780
+15805302270
+15809515192
+15804613820
+15809564277
+15804180004
+15802912823
+15807060059
+15803748334
+15805799638
+15805744982
+15805302400
+15803748479
+15803019421
+15809192170
+15809199881
+15804616540
+15809194232
+15805302838
+15805300514
+15809510104
+15806702275
+15807689073
+15804619162
+15807061850
+15805745308
+15808171804
+15804617565
+15803010545
+15802913482
+15807210559
+15807617606
+15805794688
+15805745889
+15809197277
+15804501139
+15809569154
+15802917556
+15807069129
+15807701418
+15805794154
+15808810332
+15805748802
+15804500507
+15805604290
+15802913965
+15805793101
+15807680499
+15808051680
+15804618184
+15809511557
+15808170649
+15803014004
+15805798581
+15807683694
+15805748756
+15802918114
+15806704200
+15804614095
+15802917177
+15803349233
+15805600357
+15809569455
+15802912842
+15807213315
+15803743656
+15802917742
+15807219614
+15807613537
+15802733805
+15807681556
+15809514038
+15806701269
+15804508451
+15805300004
+15809195383
+15809560459
+15805746616
+15809194923
+15802913832
+15802919097
+15803742454
+15805791531
+15807613108
+15805604703
+15805740485
+15809198342
+15804612723
+15807610924
+15803747047
+15804188897
+15809516555
+15804500948
+15805746725
+15802919418
+15803348765
+15803077510
+15809566373
+15805748292
+15802733007
+15807211177
+15805747885
+15805797613
+15804612774
+15803012916
+15809196900
+15804610428
+15805746119
+15807685497
+15807061890
+15805603085
+15807610231
+15808171212
+15807701022
+15803335004
+15802732031
+15806704571
+15809197581
+15808050647
+15807068537
+15807616156
+15804615500
+15806700413
+15803342185
+15809190399
+15802910433
+15804619786
+15802734447
+15805080025
+15804505040
+15805795362
+15803346454
+15807689347
+15802731215
+15805795902
+15802737275
+15805301200
+15805601331
+15805080085
+15807618609
+15807500321
+15806704853
+15807211031
+15805792523
+15803341496
+15807210382
+15805792903
+15804611947
+15809300572
+15804610965
+15807701970
+15807689296
+15803013594
+15802915148
+15807685709
+15805603511
+15805797632
+15806707527
+15805743262
+15805796788
+15803349218
+15804613840
+15807612157
+15805305923
+15809518302
+15804616594
+15803013995
+15807618266
+15805509492
+15809563726
+15807614817
+15805799338
+15807701204
+15809193119
+15807682958
+15807680861
+15802917065
+15805798851
+15805300793
+15805745309
+15802733065
+15809510639
+15803342308
+15803014230
+15807069625
+15805506579
+15809516483
+15809040115
+15806930716
+15807618706
+15804187967
+15802739015
+15809199269
+15805791924
+15802916289
+15804610229
+15804501558
+15803741380
+15804503960
+15803349258
+15805309328
+15805601430
+15802915937
+15809190405
+15804613031
+15807681696
+15803747999
+15805743055
+15805302802
+15805749343
+15803019482
+15803741091
+15807685989
+15807616024
+15807612451
+15804612698
+15803742491
+15805796799
+15805309417
+15802916908
+15803347663
+15803335034
+15808050081
+15804611360
+15805797560
+15805304589
+15803340558
+15807615484
+15803014785
+15802738172
+15805604029
+15807617812
+15809198485
+15803012939
+15809511725
+15803343714
+15805791584
+15806930661
+15802918545
+15803344091
+15807210511
+15805743518
+15805601131
+15805742259
+15803014195
+15803742183
+15807616278
+15804187969
+15809564982
+15807680794
+15805301554
+15807618394
+15806932123
+15807213707
+15809190508
+15805603877
+15803342266
+15805799120
+15809197985
+15809197628
+15805607458
+15804611660
+15809192213
+15802916690
+15807066205
+15807683555
+15804187690
+15803741190
+15806704771
+15806700410
+15809564546
+15803013788
+15806705199
+15804502361
+15806700140
+15803015637
+15807069350
+15807614474
+15807069993
+15803342456
+15807680502
+15805509895
+15809191259
+15805797973
+15804615801
+15803074703
+15803345231
+15805799401
+15807213325
+15805799961
+15807681325
+15807612483
+15807068612
+15805795740
+15807613615
+15802912539
+15807612839
+15804187826
+15804616609
+15805797684
+15805742521
+15803344194
+15805301821
+15802736717
+15809564692
+15809512027
+15805745966
+15805740648
+15803902446
+15809563751
+15807212329
+15805790273
+15803011270
+15805797512
+15809197665
+15804616483
+15805309628
+15802913964
+15803903993
+15805302111
+15803743427
+15805300921
+15809194145
+15807066029
+15805796208
+15807614061
+15803346200
+15805745051
+15807681076
+15805605110
+15802733791
+15805509070
+15809300348
+15807610173
+15805302573
+15808170355
+15803903598
+15803348008
+15809512257
+15803741055
+15808170574
+15803745390
+15805742336
+15805604064
+15804187230
+15805744444
+15803072575
+15803012491
+15806701745
+15805609867
+15802738902
+15804613478
+15809196258
+15805796078
+15807615171
+15807681956
+15807615422
+15805792342
+15809518560
+15805790346
+15804611602
+15806930455
+15802910375
+15804500357
+15808170278
+15809190123
+15805745835
+15809560793
+15803019834
+15802910716
+15803346052
+15805503933
+15805799465
+15807611533
+15809510330
+15804611674
+15805741941
+15809192839
+15804615114
+15807684822
+15804491237
+15809193888
+15802912213
+15803345023
+15802911311
+15809195232
+15803014485
+15807681027
+15807615363
+15809300587
+15805748511
+15803075377
+15804502262
+15803072443
+15803072795
+15806708869
+15805607514
+15807610166
+15802737358
+15809197525
+15805609997
+15803347188
+15803074866
+15805742004
+15807701945
+15806702891
+15803345430
+15804610018
+15807061420
+15809196886
+15802913541
+15809197005
+15805606770
+15809565020
+15804503162
+15805793307
+15803010499
+15809513244
+15805791850
+15803748866
+15809300406
+15805301610
+15805796944
+15807618753
+15807615522
+15806930621
+15804500274
+15807618560
+15807618728
+15804611245
+15809514953
+15807683613
+15809193861
+15804610498
+15805300723
+15805743973
+15804187208
+15805795863
+15803013065
+15805601860
+15807682395
+15805798647
+15809191351
+15805501270
+15809190865
+15805500254
+15807060109
+15803011474
+15803340107
+15805797633
+15802401050
+15807619092
+15803345162
+15805793088
+15807615808
+15809512942
+15807069376
+15804616182
+15805791972
+15809199259
+15807615775
+15803747118
+15802912354
+15804500144
+15802913778
+15805748874
+15804614192
+15803903427
+15807682544
+15805600934
+15809511332
+15805793152
+15804188397
+15809194065
+15807069615
+15809196207
+15809516549
+15805790833
+15806704889
+15809196275
+15803745063
+15805747419
+15804618866
+15805747681
+15807612661
+15809513961
+15805746463
+15804250501
+15803900198
+15809198541
+15809198941
+15803019368
+15804613385
+15809196328
+15803747196
+15807682536
+15804619363
+15805796372
+15807066420
+15809197723
+15802914330
+15802919303
+15803340105
+15809197453
+15805509768
+15803346040
+15809193797
+15807617187
+15803340335
+15805500431
+15807799373
+15802735223
+15807614424
+15807613309
+15805300805
+15809190259
+15803075285
+15807061427
+15807615349
+15805798734
+15805741182
+15803010948
+15805790805
+15807680916
+15809190419
+15804613680
+15807068638
+15803075723
+15804618049
+15802913007
+15805795793
+15802915269
+15809519690
+15809198815
+15807614226
+15803342446
+15809191065
+15807612520
+15805603105
+15807682749
+15808170963
+15807685219
+15803348068
+15805790645
+15806930019
+15809194314
+15803743227
+15807219626
+15807214346
+15809516546
+15804501396
+15804500725
+15807069139
+15804611025
+15803342902
+15803344552
+15803012402
+15809565782
+15805797299
+15807683462
+15807613902
+15803074804
+15805793670
+15809512723
+15809560022
+15807615419
+15807219478
+15805301536
+15804500260
+15805748198
+15805601156
+15806704284
+15807066225
+15807610386
+15804619306
+15802735046
+15805799140
+15803743051
+15804500214
+15803075727
+15809197652
+15805502082
+15807683455
+15809192514
+15805309172
+15803343019
+15805797536
+15802912877
+15805791514
+15807214529
+15803018346
+15809192426
+15804613300
+15806704670
+15803341199
+15807061208
+15805742778
+15809193041
+15803748989
+15803748721
+15804610425
+15805309431
+15803745880
+15804613270
+15805604723
+15805600303
+15802912056
+15802915791
+15807684546
+15805792775
+15806704239
+15804613405
+15805607577
+15804613308
+15803745213
+15807683708
+15807210541
+15803340566
+15809510652
+15807219290
+15803014532
+15805799391
+15807685443
+15809566254
+15807610746
+15805745365
+15803075383
+15803342727
+15803741791
+15805503408
+15803902681
+15805747166
+15807689602
+15807681774
+15808171734
+15807617475
+15802916216
+15806930612
+15807615210
+15805606755
+15805309317
+15805799908
+15806000636
+15806930072
+15805605284
+15809198952
+15804618444
+15805792729
+15804617216
+15805749407
+15805506331
+15809196293
+15807613239
+15805601864
+15805301250
+15804617910
+15805303501
+15802910983
+15805309905
+15805742785
+15805790686
+15807680685
+15809190101
+15805300722
+15809193414
+15809193048
+15809194136
+15805604482
+15804500618
+15807680580
+15805798371
+15803074372
+15807684494
+15805743974
+15807683393
+15807066189
+15807610419
+15805795117
+15809560815
+15805795933
+15809518553
+15803340380
+15809197753
+15802911602
+15805798295
+15807610047
+15804187298
+15807689554
+15809194287
+15805600436
+15809199067
+15808050359
+15805790944
+15809194670
+15803014877
+15802911908
+15803340610
+15805309648
+15805302078
+15803342599
+15807681469
+15809199743
+15805795317
+15804502266
+15803010717
+15802916479
+15805309445
+15803745643
+15807210234
+15803013314
+15803019570
+15803349246
+15809516756
+15802919104
+15802911312
+15806701962
+15803349494
+15804614330
+15807210928
+15805303769
+15805604887
+15802918388
+15806702909
+15807060832
+15805301530
+15804611698
+15805509205
+15805748276
+15805506602
+15803342398
+15809566434
+15804502286
+15808171692
+15805740482
+15807615569
+15807616094
+15807610787
+15802731274
+15807210538
+15802738161
+15807689113
+15807682190
+15807682051
+15809197962
+15803748985
+15802917906
+15806704241
+15806704876
+15805799169
+15802913643
+15805740575
+15807618176
+15802733339
+15806930390
+15807069160
+15807064281
+15809300530
+15807612149
+15805503321
+15809196787
+15805749178
+15805747323
+15802913999
+15809513665
+15809513017
+15802912240
+15805302725
+15807061374
+15805742984
+15805793242
+15807683327
+15803014653
+15803901151
+15803340877
+15805746109
+15802910176
+15809192485
+15807060949
+15806701126
+15806702068
+15809193660
+15807618503
+15807069653
+15807799291
+15803344667
+15805793073
+15807613948
+15807684793
+15805743987
+15802738065
+15807211461
+15803743992
+15802732619
+15804500771
+15805304441
+15804611090
+15802918702
+15809564964
+15806705264
+15809516978
+15802400075
+15805609191
+15807682751
+15806700263
+15805796106
+15809196639
+15804614361
+15802910414
+15805309985
+15807617233
+15805601623
+15805797521
+15805799409
+15805506616
+15804614322
+15809193164
+15807689072
+15809518291
+15802913138
+15806930816
+15805609718
+15809514738
+15807214478
+15809196586
+15803013160
+15805309533
+15803346877
+15805741953
+15807683191
+15803342628
+15803079765
+15802910992
+15805609014
+15807682246
+15803747674
+15802911065
+15808170716
+15807068654
+15803741917
+15808810452
+15805793787
+15803342300
+15805605218
+15805743801
+15805309464
+15807683558
+15803349650
+15805509076
+15805749010
+15803077329
+15807611196
+15805603773
+15805601043
+15809516054
+15804612176
+15807619880
+15807682465
+15805741188
+15803748785
+15809514750
+15806700451
+15805607459
+15809519700
+15805509055
+15805300645
+15804618441
+15805793975
+15803743760
+15809519661
+15809560645
+15805749973
+15803903267
+15807610840
+15807689587
+15802910995
+15803741064
+15805790394
+15802917272
+15807682472
+15805604123
+15806704273
+15802738204
+15803077002
+15803010364
+15803013064
+15807611063
+15805798135
+15805503901
+15805741762
+15806704091
+15807213176
+15805748251
+15809197663
+15803019617
+15803348303
+15805302924
+15805749981
+15805747596
+15803901304
+15807618472
+15808170292
+15805746474
+15807219488
+15805608699
+15805798108
+15803343939
+15809191413
+15809563680
+15804617034
+15807500504
+15805794713
+15809198396
+15807616932
+15805506506
+15806705525
+15807610175
+15803010421
+15809191445
+15807683288
+15805796899
+15806700355
+15807618559
+15803902617
+15803345148
+15803010727
+15807069822
+15809516758
+15803012855
+15802919832
+15804500130
+15805300917
+15805302839
+15809190460
+15805300795
+15805796251
+15804501882
+15807701051
+15803900092
+15807614905
+15805601997
+15807701143
+15806930369
+15805301258
+15805792857
+15805741015
+15803074745
+15806700718
+15809192121
+15809194460
+15805742140
+15807614500
+15805600779
+15805603213
+15807067092
+15804615694
+15803902556
+15805609206
+15805797453
+15803072857
+15805600189
+15809519413
+15805600655
+15806701208
+15805793067
+15806700017
+15805603149
+15804501162
+15805747460
+15805742383
+15804614642
+15802912153
+15803344012
+15809566175
+15802911053
+15805745037
+15807211122
+15803743332
+15805600953
+15803340483
+15805503867
+15807616658
+15804502038
+15807613093
+15805790370
+15803743245
+15804616221
+15809196171
+15805745249
+15807685790
+15802735987
+15804618572
+15803342768
+15809515155
+15807689546
+15803331005
+15805300822
+15805506216
+15807219138
+15803011583
+15807613373
+15809196173
+15807060316
+15807684613
+15802916877
+15804619779
+15807685856
+15803745645
+15806704712
+15803014116
+15809566261
+15809518446
+15805743191
+15809192398
+15807689509
+15804501180
+15809564669
+15809192826
+15805748473
+15809514311
+15805306462
+15807615986
+15803343526
+15808171302
+15803077381
+15806700333
+15807614139
+15809195253
+15804618348
+15805744935
+15805600801
+15806700922
+15805604360
+15807060410
+15805309476
+15804618026
+15807681520
+15805798092
+15805741107
+15805740248
+15807069632
+15807610156
+15805301438
+15809191186
+15802736681
+15809197674
+15805742840
+15809564505
+15807219910
+15802915632
+15807219538
+15803340300
+15806000581
+15805506231
+15805745593
+15807210553
+15805742038
+15803348977
+15807616536
+15806702988
+15803748020
+15807616712
+15802913341
+15803079063
+15807069277
+15802912774
+15807069824
+15807799057
+15805302184
+15809511830
+15803903375
+15809191460
+15807068585
+15805799632
+15809195288
+15803345893
+15804501759
+15803349764
+15809198781
+15804612120
+15809196535
+15803019455
+15809195236
+15805604624
+15804615597
+15809518445
+15805604959
+15805742145
+15808171728
+15803079414
+15805745557
+15803742946
+15802913266
+15807613655
+15807500068
+15805605143
+15805604254
+15809519775
+15803741753
+15806000166
+15807611175
+15803019394
+15804508717
+15805603284
+15807210230
+15804612925
+15805604559
+15806701315
+15809300609
+15806930705
+15804617600
+15805304691
+15805747090
+15803079238
+15809518477
+15805741655
+15807619204
+15809514053
+15805742722
+15805300661
+15807613038
+15805603601
+15806000009
+15804501570
+15803340678
+15805795709
+15804187431
+15805500551
+15807614961
+15807618912
+15805799172
+15807610819
+15805509185
+15807680263
+15809569885
+15803900826
+15802917379
+15809198817
+15807060995
+15805790894
+15803741711
+15802911207
+15806930146
+15805603017
+15805600826
+15809198245
+15803013967
+15809518750
+15802912847
+15805797301
+15803343285
+15803344628
+15805793099
+15805796077
+15809300659
+15807685449
+15805609719
+15804251083
+15803347973
+15807684090
+15807683456
+15807060420
+15806707394
+15804619131
+15805741063
+15803014447
+15803347213
+15808050268
+15809519275
+15805749957
+15804619865
+15804619620
+15802918762
+15809195886
+15809198185
+15807799093
+15807684887
+15802910143
+15807610936
+15807069817
+15808050113
+15809194545
+15809300487
+15809199114
+15809195982
+15809197829
+15807211787
+15809511087
+15807613785
+15806701338
+15805746097
+15805799375
+15803348475
+15806704562
+15805600729
+15809193416
+15809564190
+15803748825
+15802913191
+15803014762
+15802912367
+15803747037
+15803742069
+15807061357
+15805300619
+15803012384
+15807683231
+15803072580
+15807618669
+15807219128
+15803341708
+15806700860
+15807619036
+15807612568
+15809195210
+15802732384
+15802916133
+15809192472
+15807684134
+15802911755
+15803347061
+15805746909
+15802915121
+15809190382
+15807068619
+15807611082
+15803346966
+15809198297
+15806702396
+15805744058
+15806701576
+15805746182
+15807069124
+15803345161
+15805606576
+15807617617
+15804187272
+15807210729
+15802916587
+15803747956
+15803900301
+15809514846
+15808050066
+15807682148
+15805309459
+15802918357
+15809569590
+15804613533
+15806701492
+15807616635
+15803745552
+15805790941
+15803075500
+15809564309
+15807618769
+15805503002
+15809300358
+15807060878
+15807685120
+15805506387
+15807212259
+15809198789
+15809563550
+15803744177
+15807616904
+15803346601
+15803346987
+15807611270
+15804612018
+15804187341
+15809197070
+15803073577
+15809561147
+15804610717
+15807214411
+15807618116
+15808810198
+15807612424
+15809194260
+15807616242
+15806700153
+15806702963
+15809193868
+15809196877
+15805799139
+15809564525
+15803072152
+15807616640
+15803340905
+15805509540
+15804612286
+15802919912
+15803903486
+15804614062
+15807618914
+15805799931
+15809190680
+15805748418
+15805745959
+15803072843
+15805790813
+15805791246
+15804610508
+15807701709
+15805793917
+15804617714
+15807213515
+15809300162
+15808050408
+15809518862
+15803012507
+15805748486
+15806932024
+15805304477
+15805797779
+15802913461
+15805792473
+15807618343
+15802916251
+15802911666
+15807680373
+15805301232
+15805604119
+15807214749
+15809516380
+15805601340
+15803348311
+15807617970
+15803072286
+15808810490
+15803075044
+15804187788
+15805797194
+15805742533
+15805749019
+15807212042
+15807618097
+15805794849
+15805747443
+15805797667
+15803076846
+15805745861
+15805305886
+15802913715
+15802737349
+15804616678
+15804500651
+15805790367
+15805792128
+15807680501
+15803748672
+15806700998
+15805745864
+15805302929
+15805604558
+15807211752
+15807681889
+15809192876
+15803745282
+15802733585
+15803012317
+15805791270
+15802913439
+15805790310
+15804614532
+15802913135
+15809518682
+15803074836
+15807060307
+15807682741
+15805797760
+15805309538
+15805793377
+15807689696
+15802912906
+15807615034
+15805603155
+15808170931
+15805309713
+15803018063
+15805509767
+15805794875
+15809190067
+15802919126
+15804615811
+15803010274
+15804612628
+15807682632
+15804502715
+15807685265
+15803079814
+15805303508
+15803346703
+15809191613
+15802913931
+15803345057
+15803011092
+15809190118
+15803745233
+15805600945
+15803340088
+15802400103
+15807068844
+15803741734
+15809564034
+15803019031
+15809518420
+15803075111
+15807681689
+15804501680
+15809193312
+15809300473
+15805604413
+15807066324
+15802912285
+15807060814
+15805302259
+15805600385
+15803019653
+15807683498
+15803340378
+15807680902
+15805509773
+15803013958
+15806701203
+15805746868
+15809516903
+15805506584
+15804614114
+15803343064
+15806708835
+15803744839
+15802732624
+15808051384
+15808051155
+15807683403
+15805305843
+15807061025
+15805795718
+15803011670
+15807211452
+15809518645
+15806930856
+15807213572
+15807614237
+15807611101
+15805790230
+15807618070
+15802910159
+15809516886
+15805791407
+15804611734
+15804613271
+15805743644
+15805793450
+15803742812
+15807211279
+15805748702
+15809040222
+15803072713
+15809514844
+15807616019
+15804610352
+15809195323
+15804615674
+15802734019
+15805744112
+15805301188
+15807069919
+15807682376
+15804612542
+15802914952
+15807613015
+15805744663
+15805793770
+15805309146
+15809192812
+15803742731
+15809560046
+15803344448
+15809513392
+15805746940
+15803901084
+15805604454
+15804618679
+15807211746
+15804615893
+15809196520
+15803013358
+15803748864
+15807210735
+15808170729
+15807214421
+15809192320
+15805794975
+15804612040
+15809519313
+15807685629
+15804616339
+15805798351
+15805304338
+15802739901
+15803742114
+15807685316
+15805741309
+15805309452
+15805790862
+15805601611
+15807680722
+15805799090
+15809564084
+15802919892
+15807068730
+15807612631
+15809519425
+15803013266
+15803345597
+15809198513
+15805749951
+15802915444
+15803010086
+15807612730
+15804187035
+15805741428
+15808050432
+15803012772
+15807613133
+15804612160
+15807681362
+15809196697
+15803349858
+15805600556
+15802919590
+15803014702
+15807219663
+15807611180
+15807681296
+15803074084
+15802910698
+15802913623
+15803741672
+15802911304
+15804502856
+15803349787
+15805795559
+15807617470
+15805796490
+15804615431
+15806704001
+15804500975
+15809564598
+15807615415
+15809514351
+15807069557
+15805792286
+15804188133
+15804187387
+15807219103
+15805798444
+15803347084
+15809510234
+15803344760
+15809510272
+15805609131
+15805301279
+15807060508
+15804491211
+15804615919
+15802731102
+15803010430
+15807617124
+15807611752
+15804500484
+15807210623
+15807685221
+15805300762
+15803900587
+15804618229
+15803011438
+15807219378
+15807614117
+15804619420
+15807618686
+15806704306
+15806700636
+15807214191
+15806700634
+15807701318
+15802733127
+15807068733
+15807689166
+15806932006
+15803011026
+15804617686
+15803013911
+15804616611
+15802912353
+15809192648
+15809199202
+15803743805
+15809515224
+15807619054
+15809565958
+15805600827
+15807069251
+15806707848
+15806701105
+15803071687
+15809190530
+15809569426
+15805301908
+15805798245
+15809510483
+15803746006
+15809198988
+15807219855
+15805740314
+15806701177
+15805600974
+15807219373
+15807616885
+15809193589
+15806704899
+15805509827
+15803745919
+15803342098
+15804613475
+15805792765
+15807682383
+15805744824
+15804502994
+15803742214
+15807610433
+15803074788
+15807060175
+15809568639
+15809195245
+15803742963
+15803745690
+15807069775
+15805304410
+15809514658
+15805747630
+15804615234
+15805746740
+15805741189
+15809197011
+15809192261
+15809512256
+15805300538
+15805748184
+15805746260
+15805506862
+15809195792
+15802917313
+15805741404
+15803019071
+15803079334
+15805601220
+15802733066
+15809560411
+15809190394
+15802737109
+15802736347
+15809511077
+15808171666
+15807214569
+15803342347
+15803014945
+15805795233
+15809511116
+15802913161
+15807069045
+15804610611
+15803012093
+15804612105
+15809191683
+15807684326
+15803010271
+15805746043
+15809519674
+15807613457
+15809192739
+15804612020
+15803013205
+15805792246
+15809195300
+15805794663
+15809512895
+15804619769
+15805745943
+15807214912
+15807682831
+15805744036
+15803345543
+15804614673
+15809510271
+15804614186
+15804501613
+15807061623
+15805743875
+15803747844
+15807219727
+15803077155
+15808050161
+15805741380
+15805749278
+15805794436
+15805790337
+15809195115
+15807685405
+15807613815
+15805309816
+15805743672
+15803075070
+15806701187
+15802917538
+15804502057
+15807213511
+15807685488
+15805604577
+15806701400
+15803012624
+15805793027
+15802914462
+15805509030
+15807211180
+15807683759
+15803011206
+15804612747
+15807681091
+15805793221
+15806701008
+15802910000
+15803742817
+15807689077
+15802915702
+15805500402
+15807061897
+15807680080
+15806707602
+15809192092
+15803019598
+15805741196
+15803074161
+15809191417
+15809190999
+15805305928
+15805601772
+15809195000
+15809195021
+15806704237
+15809515205
+15804614690
+15806701175
+15803072423
+15806932026
+15803744958
+15806700924
+15805743804
+15809199882
+15803344903
+15805747258
+15804613444
+15809190356
+15805794387
+15805791067
+15805604468
+15807618940
+15803010873
+15805790935
+15804188145
+15806930244
+15807613254
+15809197135
+15802739016
+15809300125
+15802915643
+15807616901
+15805745502
+15804619494
+15805799606
+15803345138
+15809192018
+15807689869
+15802916881
+15805748563
+15803741777
+15805749585
+15804613563
+15804618757
+15807611920
+15802734897
+15807684374
+15809515293
+15805609055
+15803343349
+15809561156
+15803075466
+15809198232
+15805609213
+15809300640
+15806704809
+15804501486
+15807682422
+15803341552
+15806930598
+15803900162
+15807688243
+15806704301
+15805793608
+15806930699
+15809195691
+15803745329
+15809199586
+15808171014
+15809562908
+15802919462
+15805302846
+15807219400
+15805606146
+15809564154
+15809197214
+15803076442
+15807615427
+15803748117
+15805601673
+15807068311
+15803349497
+15805303685
+15805605291
+15806700188
+15803010821
+15805797455
+15809516276
+15809197518
+15805742232
+15804188378
+15805080081
+15802917201
+15803075778
+15805503982
+15807214516
+15807068536
+15803901141
+15807060666
+15809195746
+15805604397
+15805745849
+15808051268
+15807681197
+15804619086
+15804618403
+15805794851
+15805796833
+15808050315
+15805746326
+15807219359
+15807685705
+15805795780
+15805795226
+15807614686
+15806000420
+15803742276
+15803340765
+15803340802
+15807068761
+15807210723
+15805748345
+15807211038
+15806702955
+15803342880
+15802916900
+15805746242
+15805743366
+15807069589
+15802738132
+15805509878
+15804250129
+15802913806
+15803747779
+15804619169
+15807060467
+15806930450
+15809518156
+15803348396
+15809510699
+15805746562
+15807061274
+15803335010
+15807210061
+15803347787
+15805793292
+15809518417
+15807680236
+15807681328
+15805607120
+15802911734
+15807681128
+15804613550
+15804610856
+15805609836
+15809510779
+15805502886
+15804188228
+15807680316
+15802912221
+15807214042
+15807683913
+15806701580
+15802916220
+15805796737
+15805742204
+15803747847
+15807684524
+15807612593
+15803075877
+15807689148
+15803010995
+15803742586
+15807214272
+15807068708
+15803072113
+15807211765
+15805794218
+15803745966
+15807615115
+15805797113
+15807614378
+15807069782
+15805795972
+15805600947
+15802910773
+15809199865
+15805304225
+15803077320
+15804612177
+15807681622
+15803075558
+15805743122
+15807684028
+15802739800
+15805799660
+15804188849
+15809190051
+15809192466
+15805747424
+15809518951
+15803342985
+15806700515
+15807500367
+15803011468
+15803349766
+15805740857
+15803743568
+15803744195
+15803340963
+15805740787
+15805609276
+15805798868
+15809197446
+15809197138
+15803343414
+15807616969
+15802910248
+15804491251
+15805740207
+15802734041
+15805745468
+15803344126
+15805302397
+15804188276
+15805793451
+15805791566
+15805742757
+15805745161
+15805796418
+15807682181
+15803077831
+15805793671
+15807211768
+15803741959
+15803347782
+15809564356
+15805744196
+15805740617
+15809519400
+15809566123
+15807068943
+15805742432
+15809516741
+15807617405
+15806930617
+15807682872
+15805797087
+15802916235
+15805793045
+15803072303
+15807619371
+15803742524
+15803348519
+15802916951
+15803077140
+15805743547
+15803075428
+15805304419
+15805743076
+15807219991
+15804501757
+15806700503
+15805604491
+15804501742
+15804619391
+15802913849
+15804618644
+15809193352
+15805748810
+15809195506
+15803742215
+15805609146
+15803747974
+15802919153
+15803013267
+15809511187
+15806700751
+15807211040
+15809511284
+15805300289
+15808170042
+15805799216
+15805500505
+15805749395
+15807069604
+15803075053
+15809191002
+15803014520
+15807210709
+15803348118
+15803342587
+15807618376
+15809198693
+15805301168
+15805799200
+15804610162
+15803343390
+15805741911
+15805502213
+15809564917
+15809191881
+15807068740
+15805741316
+15806704366
+15804615574
+15809191782
+15807210739
+15805304504
+15805741628
+15804612953
+15805799030
+15806930386
+15803072060
+15802735197
+15803340470
+15805302550
+15809569779
+15805746074
+15805791243
+15805742596
+15809569927
+15807685139
+15803741098
+15807210622
+15808050851
+15804504262
+15806707441
+15804612967
+15807612485
+15803019013
+15803741093
+15804502495
+15807060969
+15808171398
+15803748517
+15805798275
+15803010150
+15805745271
+15807616078
+15804610175
+15803344089
+15805304470
+15803741854
+15804612847
+15805601902
+15807617088
+15807210272
+15805748038
+15809199995
+15807616349
+15802917031
+15807610618
+15805744462
+15805509916
+15804610182
+15803079846
+15807618093
+15805790293
+15803075306
+15809300836
+15806930758
+15807618747
+15807610368
+15805302190
+15808051564
+15809196839
+15805743252
+15803074942
+15807612302
+15807616012
+15804188149
+15803010822
+15803903581
+15807684157
+15803012045
+15805302075
+15805301640
+15802910546
+15805798209
+15803345193
+15805749008
+15805747974
+15809564121
+15802910933
+15805506894
+15807683741
+15805746456
+15806700390
+15803741294
+15807612059
+15808171219
+15805796096
+15804501461
+15804615642
+15802913254
+15809197645
+15807617926
+15804611262
+15807685680
+15809510519
+15807615683
+15803076115
+15807616537
+15805749899
+15804188016
+15807211547
+15803743819
+15804617746
+15804500611
+15803013235
+15806702167
+15809196085
+15803349138
+15807068237
+15805795130
+15803345388
+15807688147
+15804612134
+15803072998
+15807616575
+15803341662
+15809190758
+15806700728
+15805301512
+15802739889
+15806932208
+15805799905
+15807061802
+15803349344
+15805742838
+15803077978
+15806707118
+15806700239
+15809194698
+15807069872
+15804614531
+15809197621
+15807213955
+15802912633
+15802739674
+15809510880
+15805600338
+15804502219
+15802917349
+15805300666
+15809565946
+15806930739
+15803343708
+15802917434
+15805740128
+15803743510
+15805797084
+15806707653
+15803741952
+15803010492
+15803741970
+15803010845
+15803074678
+15807616286
+15804614925
+15805742678
+15807068869
+15805740713
+15804500279
+15809193027
+15809197306
+15805791898
+15802732033
+15809195631
+15807615949
+15805608943
+15805743430
+15803010888
+15808170043
+15803016213
+15809560388
+15805604167
+15807214916
+15807680751
+15803011408
+15807066190
+15805749188
+15802911713
+15807210416
+15805797687
+15807613500
+15807680819
+15803347237
+15802918003
+15803342772
+15805603893
+15802734244
+15807682294
+15809511662
+15807683731
+15809195727
+15805794248
+15809192490
+15809192731
+15807683865
+15805740252
+15803340632
+15804611840
+15805799614
+15804613841
+15802914347
+15809564600
+15805306660
+15803342979
+15805791701
+15805600428
+15807615166
+15807619504
+15809191190
+15804188168
+15804501260
+15807068098
+15803349611
+15802916421
+15809196543
+15803745760
+15804611735
+15809564921
+15802911344
+15809195501
+15803344277
+15805747725
+15805302338
+15803742973
+15807613218
+15807616516
+15804619921
+15804617559
+15807060668
+15806705693
+15807682486
+15805745596
+15809566610
+15802733022
+15803348206
+15805793740
+15805605272
+15803741452
+15806700907
+15807680562
+15805301791
+15805795345
+15803748024
+15809195169
+15804610703
+15805303848
+15805798556
+15807213991
+15807683579
+15802919326
+15805790920
+15809513615
+15804188923
+15807701425
+15805796275
+15807617183
+15807612013
+15804614091
+15807618653
+15804615383
+15805601512
+15805791820
+15805797220
+15808171425
+15806702944
+15803018084
+15804612585
+15805799603
+15803743996
+15805300869
+15802735114
+15805308486
+15803346685
+15804187504
+15803075539
+15807613219
+15805794408
+15807210529
+15805742780
+15806707051
+15806700902
+15807210579
+15807061215
+15804610378
+15806700205
+15805746010
+15807210659
+15807680102
+15805501771
+15807615906
+15807612774
+15805793452
+15805793193
+15807681447
+15805604948
+15805740475
+15804500456
+15807610278
+15809564585
+15802918366
+15807685151
+15805790354
+15805746762
+15807610931
+15803342736
+15809192240
+15807683460
+15802734354
+15805792704
+15807611246
+15807683522
+15807210415
+15806700378
+15803346001
+15806708965
+15808050411
+15805601048
+15807210570
+15805747201
+15809196695
+15805302844
+15802913458
+15805793756
+15802913771
+15806707549
+15809510884
+15807219149
+15805747935
+15803902736
+15803344674
+15805793455
+15802738842
+15805795349
+15807210568
+15807689292
+15805746960
+15808171160
+15805795311
+15803077517
+15805305704
+15803077219
+15804506075
+15805745607
+15809561284
+15804501029
+15805506891
+15807210531
+15805798168
+15803741643
+15805301288
+15807616925
+15807682368
+15807684098
+15802913232
+15804618507
+15804619226
+15805744258
+15805740773
+15807069483
+15806930148
+15809513176
+15809300923
+15807680634
+15803903112
+15804619912
+15806702022
+15807686230
+15809191297
+15807689416
+15803019830
+15805743901
+15804617117
+15807685368
+15806700357
+15805741130
+15807210326
+15809191508
+15805742010
+15803072492
+15802915786
+15803344231
+15805302236
+15807610387
+15805309500
+15803345780
+15804500884
+15805601259
+15809199121
+15805749421
+15805304457
+15807684552
+15805741765
+15809198097
+15803341403
+15802732997
+15807680381
+15807610484
+15809198176
+15805601690
+15809195522
+15809196651
+15807682479
+15809512439
+15807616720
+15803344144
+15803346726
+15804250713
+15809192300
+15807611859
+15803741862
+15807680577
+15802916903
+15805743047
+15809512215
+15805793233
+15802912236
+15809519428
+15809040214
+15803742687
+15805749459
+15803348101
+15805794453
+15807214261
+15803747743
+15804612575
+15807681210
+15803744770
+15805309086
+15805797923
+15809564548
+15805506151
+15803344414
+15808171104
+15809566671
+15804612186
+15805309990
+15807618991
+15802918045
+15807682496
+15802734595
+15803010112
+15809569531
+15804502573
+15807680620
+15803348267
+15805747519
+15803348010
+15802912743
+15809563685
+15804187020
+15804618587
+15802733760
+15803074215
+15805745204
+15804619451
+15803011686
+15807611748
+15803349286
+15804503437
+15809193716
+15807683476
+15803342074
+15805745176
+15803014560
+15803342055
+15807616972
+15805604436
+15807610150
+15802912696
+15809198592
+15807685685
+15802911800
+15804612851
+15805795704
+15809560282
+15807614520
+15809198996
+15802911168
+15807061524
+15804619952
+15806930683
+15805609544
+15803074309
+15804613341
+15802734308
+15807617444
+15803348613
+15805604204
+15805796401
+15804613930
+15805794191
+15807685166
+15804500772
+15807680483
+15805794112
+15805303708
+15807066240
+15807613518
+15802911492
+15807617758
+15807612248
+15803343021
+15802917211
+15803342133
+15809510989
+15806932009
+15807689042
+15804188909
+15807067782
+15803742484
+15807683472
+15805790035
+15805604039
+15802910551
+15804610620
+15807683892
+15803903452
+15803741807
+15803743750
+15803075900
+15804501479
+15802918016
+15803903920
+15803347215
+15805601852
+15803344467
+15807680430
+15802916828
+15807614586
+15807616761
+15807069297
+15802913067
+15807061058
+15809519226
+15807060695
+15803072523
+15809197806
+15804615185
+15805741091
+15805600907
+15802400117
+15805797363
+15804615193
+15805603078
+15804615767
+15802913186
+15802916566
+15803340295
+15802913326
+15803902096
+15804617094
+15807210554
+15808050286
+15807683827
+15804188984
+15805300983
+15804618517
+15805796268
+15809514507
+15805609093
+15803014477
+15803349392
+15805601421
+15807618577
+15805603647
+15805748959
+15802912331
+15803348055
+15803079258
+15807219078
+15805792159
+15805797184
+15805304666
+15809191323
+15809511957
+15805794835
+15805743627
+15809040410
+15809510672
+15803342145
+15809193609
+15804619701
+15805795185
+15805796603
+15805302374
+15804188355
+15805746202
+15805793112
+15805743612
+15806700506
+15807688725
+15803014596
+15805604035
+15803340069
+15803343401
+15809518898
+15805302430
+15805506365
+15805745517
+15805793271
+15809512425
+15803747780
+15802913298
+15804612092
+15805743843
+15805792219
+15809198217
+15807683645
+15803745543
+15807614757
+15806702326
+15806704701
+15809516610
+15803744992
+15805793969
+15809199117
+15807611508
+15809190093
+15805304573
+15809516795
+15808051574
+15803748404
+15806704607
+15805796696
+15806000106
+15809195343
+15806700783
+15804612333
+15803745997
+15804613643
+15807500300
+15807613974
+15809564235
+15807681368
+15807211352
+15807682358
+15804250712
+15807681771
+15805743388
+15807683322
+15807068050
+15805604080
+15803903932
+15805797156
+15804612720
+15807616766
+15804619005
+15809190389
+15807681285
+15807680638
+15803345595
+15807060246
+15803748385
+15807680527
+15805795698
+15809193381
+15807611069
+15809564103
+15803072819
+15805798689
+15805799871
+15805605261
+15806702680
+15808171117
+15804614113
+15804612691
+15807210681
+15807500032
+15803348481
+15809193388
+15803346333
+15806704673
+15807614177
+15805797310
+15805793195
+15807614953
+15802915195
+15803745656
+15805798127
+15809192224
+15806930553
+15807682708
+15807614566
+15804501010
+15803075082
+15807683172
+15803340812
+15807682036
+15807213988
+15807684069
+15807619996
+15805795108
+15804611415
+15807688688
+15807211484
+15805796089
+15809514969
+15802731100
+15804614781
+15809510770
+15803075577
+15804500622
+15805742762
+15805745450
+15803344255
+15803077333
+15809196508
+15805797746
+15804612357
+15805506557
+15808170540
+15807214345
+15807610459
+15809192718
+15805743586
+15803012193
+15805792316
+15805793396
+15804613305
+15805743350
+15805746375
+15803072465
+15803010554
+15807689712
+15803745510
+15809513650
+15809512345
+15807613067
+15804613459
+15802918896
+15809192025
+15804612935
+15803900223
+15803075354
+15807612199
+15809518634
+15803072915
+15809514327
+15803742622
+15805793240
+15807614095
+15803903306
+15805503702
+15804615976
+15804502651
+15804491224
+15805503576
+15802918498
+15807614150
+15807685202
+15805798210
+15807681865
+15805794838
+15804611463
+15804619803
+15805798289
+15807610316
+15807618595
+15805746417
+15802913518
+15803077670
+15809195279
+15807210345
+15803010537
+15802912385
+15805741577
+15805797405
+15804611057
+15805746828
+15803742334
+15803077494
+15803345133
+15803742477
+15807613499
+15803742374
+15809192673
+15807615583
+15804616795
+15807683573
+15803011887
+15803747353
+15805309137
+15807619931
+15806701976
+15805799764
+15804619460
+15809564821
+15807615281
+15805501824
+15805748016
+15804618158
+15804612802
+15802913630
+15805601452
+15804491812
+15803343029
+15803013057
+15803342298
+15807683568
+15807060765
+15805790183
+15809198487
+15806930599
+15805795786
+15802912443
+15805300960
+15805744092
+15807612158
+15803341802
+15804612114
+15805799459
+15807683411
+15807614000
+15803011202
+15807219046
+15807068383
+15805302328
+15802913609
+15809190402
+15807616189
+15805748436
+15805600142
+15807612644
+15809196083
+15809195297
+15807683291
+15804611753
+15803348538
+15804617926
+15809513833
+15805509598
+15804188511
+15807211733
+15805792101
+15805601062
+15803347833
+15803745568
+15802918254
+15805304844
+15804610208
+15809300258
+15806707357
+15805509265
+15804188594
+15802917133
+15807068986
+15804500368
+15808051055
+15805740326
+15805600327
+15803340607
+15805799783
+15806704744
+15804614179
+15802916972
+15803013634
+15802912377
+15805796437
+15806704998
+15805796224
+15807613971
+15803019397
+15807069941
+15808050905
+15809513251
+15807682381
+15809191604
+15803074494
+15805305875
+15807210240
+15805748296
+15805742869
+15806702912
+15805601584
+15807616261
+15804619782
+15806704114
+15809515074
+15803341303
+15803340971
+15805799965
+15806701441
+15805604848
+15807612461
+15809198021
+15804611387
+15803747073
+15803077687
+15807061351
+15805793651
+15803741375
+15809198879
+15803745860
+15802912426
+15808171396
+15807610901
+15807060576
+15805600375
+15805743678
+15805794972
+15805740943
+15807069609
+15804613660
+15803745570
+15807615011
+15809196259
+15803345894
+15805601661
+15805792333
+15803348457
+15805741885
+15809192979
+15805791300
+15809510062
+15807610653
+15802912429
+15807211480
+15802916863
+15804619499
+15802915619
+15809192511
+15807616081
+15805509772
+15807688916
+15803340643
+15807689606
+15808170615
+15805749293
+15803745101
+15802739700
+15803747028
+15805601189
+15803013317
+15804610930
+15807682938
+15805795935
+15807685779
+15809191519
+15802913040
+15809192009
+15803742637
+15807684812
+15804617164
+15805796660
+15807060474
+15809195296
+15809195377
+15805309834
+15807213750
+15805747189
+15804613909
+15809195351
+15802912827
+15802913767
+15803076547
+15803348927
+15805604880
+15807681833
+15805606477
+15809199140
+15807614580
+15803900681
+15807613576
+15809193953
+15802910596
+15809197906
+15809561271
+15805303732
+15806000273
+15807069512
+15804501188
+15807210976
+15803745032
+15807682620
+15805791258
+15805747774
+15802917167
+15804619264
+15806700981
+15807212266
+15805740595
+15807680973
+15809519027
+15805790888
+15803019977
+15807681740
+15808171351
+15803340237
+15805609860
+15809196010
+15807614690
+15803344045
+15807613166
+15807068245
+15805747806
+15809564813
+15803741614
+15807689469
+15807067843
+15809198535
+15809191951
+15805304369
+15809566517
+15805797588
+15809192317
+15809512386
+15802732197
+15805309899
+15808050313
+15804187888
+15809511850
+15805749118
+15807611048
+15805747102
+15807210664
+15806700562
+15804505619
+15807611307
+15805740034
+15803072119
+15809192680
+15806705461
+15803744357
+15805302072
+15809194893
+15803743393
+15804188939
+15802915458
+15804188916
+15807799178
+15805796828
+15807069411
+15807684820
+15805080079
+15807061501
+15805743711
+15803345520
+15803011049
+15805791705
+15805795812
+15805300089
+15805302207
+15802913960
+15809195155
+15805790466
+15809191961
+15805302479
+15805604421
+15803346174
+15805301028
+15806704380
+15805746694
+15805790637
+15805506799
+15805741411
+15802919994
+15802919573
+15807610163
+15804501297
+15807689793
+15807610211
+15805302233
+15806704886
+15803074017
+15807680398
+15809196192
+15803746014
+15803745945
+15805742881
+15803074842
+15807615288
+15805600525
+15809563709
+15803743378
+15809198625
+15809510187
+15806700746
+15803748066
+15809516835
+15803744750
+15803077513
+15802917273
+15806930679
+15807680641
+15805799887
+15805749460
+15804610458
+15806000406
+15807067770
+15805745041
+15803349416
+15807683334
+15805601572
+15809518148
+15802912412
+15807611042
+15803012536
+15802914792
+15803743620
+15808171507
+15803903395
+15805605242
+15802736252
+15809190914
+15805791636
+15805742727
+15803349425
+15809195621
+15803010210
+15807613109
+15803012718
+15807061574
+15805304678
+15805741596
+15807068216
+15802918579
+15809199436
+15804500158
+15804250041
+15807610094
+15802916312
+15803748869
+15807617910
+15809560244
+15804619425
+15802734233
+15805603023
+15805603790
+15807614353
+15807616210
+15805303585
+15805797262
+15804616150
+15804614691
+15807685021
+15809193687
+15809199183
+15806930309
+15809194342
+15805509499
+15803345566
+15807219780
+15803349114
+15804500269
+15809300367
+15806700722
+15809190775
+15803077771
+15807617698
+15802739158
+15803345911
+15808050074
+15804610281
+15802912492
+15807683306
+15803011459
+15805742998
+15809190735
+15803748749
+15804614499
+15803342295
+15804610666
+15806707347
+15805793663
+15807069525
+15803743071
+15803072353
+15804617726
+15807689300
+15808171796
+15803011349
+15805605850
+15806930181
+15804188911
+15809513138
+15805303623
+15809191448
+15807214844
+15807500508
+15807689104
+15805748787
+15803341639
+15802910708
+15805502158
+15809560409
+15805743034
+15809519000
+15809510951
+15803014719
+15806702417
+15803014522
+15806701076
+15803346584
+15806704194
+15802917126
+15807685797
+15804251089
+15808171227
+15807612492
+15809562103
+15803011321
+15809192498
+15806930306
+15807614825
+15807613261
+15805792524
+15807689189
+15805604944
+15803344801
+15809199981
+15807618767
+15809192048
+15805600013
+15805793106
+15805799204
+15805604672
+15803348046
+15807799005
+15805745542
+15805799800
+15802917959
+15804501100
+15807210908
+15804611969
+15807610630
+15805600214
+15807701617
+15807685419
+15807069678
+15807060272
+15809197735
+15803347400
+15805743508
+15809510287
+15802914972
+15805797212
+15805600100
+15805749356
+15805300247
+15805744603
+15803342251
+15805302079
+15807680198
+15803074841
+15809519390
+15807611378
+15807614255
+15804612952
+15807688017
+15807685231
+15806700565
+15805604131
+15802915667
+15803743552
+15809516514
+15802731329
+15803902644
+15802912655
+15805503929
+15805793611
+15805502051
+15805747320
+15803745347
+15804500286
+15802735895
+15809510329
+15803013309
+15807611479
+15807067368
+15805749283
+15804611817
+15805309394
+15807684937
+15804613823
+15805303613
+15803011685
+15806705007
+15804612144
+15807684007
+15807684504
+15807613860
+15804611501
+15804612417
+15805793978
+15809301521
+15805745760
+15803072424
+15802736023
+15803348222
+15807689531
+15807616082
+15804188730
+15805798389
+15804611757
+15807066101
+15805791217
+15809197161
+15807610017
+15807683143
+15805601401
+15805608816
+15805797130
+15803900872
+15809193000
+15807612017
+15805607643
+15805744297
+15807615559
+15805742482
+15805799722
+15806930723
+15807799603
+15806930564
+15809191906
+15807619058
+15805304539
+15803900532
+15809300163
+15804187097
+15807618731
+15803012454
+15803349741
+15804611941
+15807681796
+15805747652
+15807614013
+15807688093
+15809194302
+15803011111
+15807613491
+15803010021
+15807689173
+15805798591
+15809516267
+15804615412
+15809190698
+15807214208
+15807617463
+15807610325
+15809510164
+15805300686
+15804619767
+15802911299
+15807614682
+15803903475
+15803744354
+15803902196
+15804188233
+15807617887
+15809510073
+15803077947
+15805302370
+15807613381
+15809195128
+15805600893
+15806000312
+15805742288
+15804612885
+15809196190
+15807219270
+15803012586
+15807219730
+15805609951
+15803077254
+15806705330
+15802916626
+15804502179
+15805743905
+15805506318
+15803349103
+15802916803
+15805795462
+15809193221
+15803072607
+15802911435
+15803349289
+15805604765
+15807681440
+15802733090
+15807219640
+15803012394
+15805300208
+15809198552
+15805744368
+15802912451
+15803011485
+15802915342
+15805601258
+15803342240
+15808050216
+15808050959
+15809191403
+15809190390
+15803346169
+15809040560
+15807618115
+15803342904
+15805795089
+15803012464
+15809516448
+15809563987
+15807681143
+15803014535
+15807068314
+15809513197
+15806705075
+15803013855
+15807681518
+15803072084
+15802913717
+15804187225
+15803349163
+15803014415
+15805747041
+15804619669
+15803345160
+15809569490
+15802917863
+15805509862
+15807060722
+15804616035
+15805300214
+15804611860
+15807069668
+15809510123
+15805799419
+15806000236
+15804619398
+15804612129
+15803349427
+15805744883
+15804611402
+15805749097
+15805748459
+15809199581
+15805798115
+15807682320
+15806705026
+15805509493
+15805741472
+15809040661
+15803346191
+15805798423
+15805794575
+15805603935
+15803340019
+15809518089
+15806708405
+15809191081
+15809514647
+15807680883
+15806704168
+15803013790
+15803014684
+15805503632
+15805791893
+15805791186
+15809190091
+15805301591
+15809300212
+15807615828
+15804619235
+15805743706
+15802919603
+15809198804
+15805743595
+15802912603
+15805302519
+15809511166
+15805741877
+15804500390
+15803077740
+15802916967
+15809514236
+15806702770
+15807683366
+15805743436
+15807689789
+15805747621
+15804616584
+15805601769
+15804619512
+15809192217
+15805304428
+15807617489
+15805501702
+15803013570
+15805748089
+15805794276
+15807684034
+15804188369
+15803010406
+15809511483
+15803012853
+15804610317
+15807214380
+15805790272
+15803077106
+15807210924
+15804613688
+15807685101
+15805302356
+15809510285
+15803349484
+15803748448
+15808050542
+15802738781
+15803019316
+15805506398
+15803903521
+15806701687
+15807684336
+15805305837
+15803348275
+15804610989
+15807211923
+15805741346
+15805793048
+15804617879
+15807619117
+15805503852
+15807615783
+15809516016
+15803341649
+15805742899
+15807684629
+15803343033
+15803019624
+15802734042
+15804611601
+15807068298
+15807060024
+15809199737
+15805740060
+15808050099
+15805745012
+15804612029
+15807068957
+15807614803
+15803342704
+15804613670
+15809192148
+15805301470
+15807612626
+15802911286
+15805795644
+15805609230
+15805798550
+15803019558
+15805798394
+15809300426
+15805796203
+15803742122
+15807618702
+15805740262
+15807617021
+15807610958
+15805797050
+15809569326
+15809199644
+15802736197
+15809516008
+15802911150
+15804614455
+15805795174
+15805605203
+15804616254
+15809564559
+15805600056
+15803014531
+15805791192
+15803014636
+15809197142
+15805749522
+15804616789
+15804611992
+15803742413
+15805740501
+15805793902
+15809192612
+15806000201
+15805600150
+15807689079
+15809192802
+15807615803
+15809512075
+15805742648
+15803743761
+15807614220
+15805745565
+15805791522
+15803014818
+15803074124
+15809191979
+15809569747
+15802736115
+15807060579
+15809195488
+15804491186
+15803079625
+15804614492
+15809190198
+15803075179
+15805794193
+15807701203
+15804500672
+15804614910
+15803012620
+15807689464
+15805741366
+15802910217
+15804613040
+15805791497
+15803900042
+15805304600
+15803743042
+15807685421
+15805790103
+15802914552
+15807615464
+15805749842
+15802913289
+15805747178
+15802917631
+15803745674
+15807061188
+15807681372
+15807067884
+15809199970
+15803902356
+15803012846
+15805742972
+15809518534
+15805743778
+15808051328
+15807612054
+15803743026
+15807612746
+15803072332
+15807685747
+15802733131
+15807068576
+15803744270
+15805740201
+15803346058
+15809197374
+15805300825
+15803019783
+15805305682
+15805503384
+15805795201
+15805790523
+15807618628
+15804618878
+15803342581
+15807680812
+15804505717
+15803013522
+15807214423
+15809569591
+15804501421
+15803345073
+15805792259
+15805794475
+15803340712
+15804617773
+15809197062
+15805799581
+15807618773
+15803074860
+15807689367
+15804614992
+15803742339
+15807219972
+15802732057
+15807617267
+15807616129
+15802733169
+15804612493
+15807683957
+15809514938
+15807799318
+15809518967
+15807682002
+15804503006
+15805747103
+15809190127
+15809191654
+15803344155
+15805603256
+15805748474
+15807061186
+15802911880
+15803745508
+15805605178
+15805745619
+15805744432
+15804610946
+15807061086
+15803344677
+15805748758
+15807614727
+15807060101
+15805302109
+15805506902
+15807682592
+15805609572
+15805740861
+15805740118
+15802912542
+15807614287
+15805799956
+15803072717
+15805741168
+15805799936
+15806702974
+15808170087
+15804614998
+15809198835
+15809513878
+15807701037
+15805609616
+15807617398
+15805302817
+15803340848
+15807701084
+15805300527
+15804612648
+15809194647
+15805797118
+15803012759
+15803014369
+15809511275
+15805795692
+15807211178
+15803342230
+15809194162
+15808051334
+15803342716
+15805790830
+15805744642
+15807684611
+15803347050
+15803742764
+15809190252
+15809199240
+15806930198
+15807213825
+15807681627
+15805600453
+15809510796
+15805605430
+15804611708
+15805797571
+15807682732
+15805794938
+15804188486
+15805741184
+15809199350
+15805740689
+15803348717
+15809191055
+15804618543
+15805600778
+15806707519
+15805603274
+15803072124
+15805744920
+15809191487
+15803012359
+15807211635
+15807680983
+15803345229
+15807683223
+15803741879
+15804615245
+15804611982
+15803901119
+15803014434
+15803741439
+15805309916
+15803742689
+15807682939
+15803346687
+15805749627
+15806930224
+15805301141
+15802913766
+15809190001
+15803745011
+15804614424
+15805503843
+15802733601
+15807060926
+15802915722
+15804618217
+15805797386
+15802912628
+15806704201
+15805741212
+15807615052
+15804617574
+15804619651
+15803902700
+15805747697
+15809190365
+15805794808
+15805601278
+15807681203
+15805793695
+15809511071
+15805740979
+15806707650
+15803742229
+15805301213
+15805604283
+15804613036
+15806704491
+15802912919
+15807614078
+15807068249
+15809192968
+15803744198
+15807060333
+15809192233
+15807680468
+15803742395
+15802919762
+15809198725
+15803748555
+15802734107
+15809518057
+15803743854
+15805742675
+15805746675
+15807614435
+15803903786
+15805797448
+15804502184
+15805745648
+15809195645
+15807615139
+15809510017
+15802912000
+15803900774
+15804610948
+15804615621
+15805748664
+15809511170
+15802910899
+15804187459
+15805797752
+15807615537
+15805605340
+15809198149
+15805309237
+15803345183
+15805794020
+15804616017
+15807060710
+15805749161
+15803349508
+15809196702
+15807617472
+15809191764
+15805745769
+15804617258
+15807684200
+15802732506
+15803742141
+15808170830
+15807616823
+15803072824
+15809565745
+15803077120
+15805790517
+15803075216
+15806930765
+15802913751
+15804615168
+15809199015
+15805600909
+15809198980
+15806700209
+15809196836
+15805604588
+15803748795
+15803748843
+15807210930
+15805745528
+15808051191
+15803344974
+15805749317
+15809197292
+15807214812
+15805794618
+15805745655
+15805747601
+15805741342
+15803745069
+15805600510
+15802913179
+15805799558
+15804501156
+15803012950
+15803747229
+15809193094
+15809192344
+15809198730
+15802736262
+15805790102
+15803344534
+15804612354
+15805794787
+15807613006
+15803345901
+15808170449
+15805797026
+15802739000
+15809195880
+15805799462
+15803744204
+15802734035
+15807213539
+15805791435
+15807612103
+15802738306
+15804188077
+15805604193
+15806930967
+15807681859
+15805601160
+15807610019
+15803903595
+15805798420
+15805301653
+15807680731
+15805747415
+15807683037
+15809563418
+15804187173
+15807061585
+15805309399
+15805796879
+15805604906
+15806704710
+15802911436
+15804618919
+15805303506
+15803349684
+15807219830
+15802913948
+15804610575
+15807211146
+15807213371
+15806704070
+15805607479
+15807619851
+15807611779
+15805600289
+15805609669
+15802914429
+15802732561
+15807617622
+15807060982
+15805603600
+15805799548
+15807613191
+15803743343
+15804610421
+15805742064
+15803340245
+15804612668
+15809519500
+15803341536
+15805746920
+15802919907
+15802919054
+15805749971
+15805791633
+15809564999
+15802913937
+15803019564
+15807684819
+15807612989
+15807068090
+15803743423
+15809510625
+15807613453
+15807684967
+15802730202
+15808810215
+15809192719
+15802736038
+15809191379
+15808051465
+15806702866
+15806704706
+15803011577
+15805749323
+15805742256
+15805609114
+15809514332
+15807684227
+15807615796
+15803340206
+15806707535
+15805302245
+15803340691
+15804611259
+15807060664
+15803340717
+15803010310
+15809198871
+15802913645
+15804613721
+15807219125
+15807683850
+15806705396
+15803019322
+15804500478
+15803074467
+15809515093
+15805300032
+15809511992
+15805503859
+15805743272
+15808050536
+15807612810
+15808051779
+15805740913
+15807681857
+15809513938
+15805741852
+15804502376
+15805506414
+15805740057
+15803747093
+15805746945
+15809191888
+15807069485
+15807684009
+15809198574
+15807214393
+15805747984
+15802913272
+15805792074
+15803345505
+15802913903
+15807616469
+15805605175
+15802918803
+15807682468
+15809190556
+15802731656
+15805745103
+15802738134
+15804612137
+15805302292
+15805302195
+15809194540
+15802912945
+15805609080
+15807219807
+15804188844
+15805304694
+15805744132
+15807614739
+15805608961
+15803346613
+15803075058
+15807611986
+15805749663
+15807612892
+15803010342
+15807610096
+15807211104
+15809511448
+15805309589
+15807688092
+15809514873
+15807211297
+15803074464
+15805509423
+15807068313
+15805305587
+15809197682
+15805794260
+15805603740
+15807618112
+15804616412
+15809195473
+15807060497
+15803077183
+15807214260
+15803743493
+15802735120
+15809198094
+15807680647
+15809192564
+15805742282
+15803342448
+15804188030
+15805746516
+15805742281
+15807682106
+15802913747
+15805794205
+15807210738
+15802913474
+15803743853
+15805501672
+15805747811
+15804502162
+15803742988
+15805740296
+15805302229
+15803744877
+15805790926
+15809510540
+15807060717
+15807618125
+15805749901
+15807213872
+15805309329
+15809193347
+15803072241
+15805793410
+15809518388
+15805745630
+15807611510
+15804187074
+15805301190
+15807618711
+15805304863
+15805794770
+15803012000
+15805742781
+15805309358
+15805601729
+15803344604
+15805796452
+15805741245
+15807684143
+15803347016
+15805742712
+15808051331
+15803011280
+15807682937
+15805600573
+15803075887
+15805744584
+15802912204
+15805300846
+15804616688
+15809199775
+15806704342
+15805795940
+15807617570
+15805742646
+15807613609
+15804250337
+15809190002
+15806700862
+15809196574
+15809191193
+15808171139
+15804614035
+15805742047
+15805743332
+15806700651
+15809196449
+15803345699
+15807687164
+15809197949
+15805746645
+15805604108
+15805740585
+15802916115
+15805794737
+15809199219
+15809511188
+15809300201
+15805798326
+15809197375
+15809566624
+15802918269
+15807682435
+15804610637
+15802739216
+15806930865
+15805794581
+15803012040
+15803741400
+15805745519
+15806705473
+15805300676
+15806700647
+15807610893
+15805603263
+15805600650
+15809190449
+15807613066
+15805304113
+15805791330
+15805746848
+15803742031
+15807618108
+15809193132
+15803348695
+15802914570
+15809196606
+15804501067
+15809190945
+15802911829
+15805509595
+15805304339
+15807066176
+15805792715
+15803345384
+15805509750
+15807060347
+15805741914
+15809512156
+15805501910
+15803344641
+15803748949
+15807210288
+15807681805
+15807615632
+15804613398
+15802730200
+15807068646
+15805745358
+15803747130
+15802738163
+15806930111
+15805609293
+15803343042
+15805745918
+15803349450
+15809193262
+15805798149
+15803903726
+15807614466
+15807616262
+15803748602
+15806930959
+15803348453
+15802912006
+15805509038
+15805745544
+15809566606
+15809566699
+15804614915
+15809564316
+15807213157
+15803013864
+15805603565
+15809565638
+15807683873
+15804611127
+15803011813
+15805798180
+15806707373
+15802918163
+15808050826
+15805749616
+15802917452
+15804500218
+15807614890
+15805500534
+15809195502
+15809512312
+15806708023
+15805605331
+15805746601
+15809510819
+15808171148
+15804617425
+15807684297
+15803014090
+15805791724
+15807615193
+15805796235
+15805743317
+15803347569
+15805796377
+15805741400
+15809192367
+15805793590
+15809564368
+15807689520
+15809199433
+15803330024
+15802912955
+15805791996
+15805304265
+15805793376
+15805603258
+15803741482
+15803010843
+15808810148
+15809192591
+15803747596
+15804502655
+15803010007
+15804618496
+15803344510
+15806701839
+15809194448
+15803013214
+15804614094
+15809190979
+15803349777
+15807681670
+15807067847
+15807682153
+15805744405
+15803747214
+15802915012
+15806701174
+15807684103
+15805746508
+15803072083
+15804613619
+15805309149
+15803013874
+15803745807
+15805790560
+15803903538
+15808170757
+15803741642
+15805603037
+15802910202
+15805603214
+15807214538
+15807610260
+15809198651
+15807060570
+15803019507
+15805606305
+15804611251
+15809516289
+15807614630
+15807613624
+15805600221
+15805791290
+15809515133
+15807211786
+15804619592
+15809194969
+15804618328
+15807689092
+15805798138
+15805744343
+15802733073
+15804188690
+15804610067
+15804615962
+15805793538
+15809194644
+15809563527
+15805747172
+15809193936
+15809196076
+15804502444
+15805600462
+15806705481
+15809190257
+15805740712
+15805799918
+15802738165
+15802912718
+15805301736
+15809569615
+15806701773
+15803747157
+15809197124
+15803344427
+15803902905
+15807611431
+15807613125
+15808051892
+15805747949
+15803744808
+15804501367
+15809512288
+15803748313
+15809514492
+15803902536
+15807618421
+15805746798
+15804491935
+15804502706
+15803903062
+15803011418
+15803019806
+15803346589
+15803077566
+15803014162
+15807612938
+15809513192
+15803745830
+15806700348
+15807067913
+15803340771
+15809514594
+15803012168
+15807219390
+15803745771
+15804500321
+15804501201
+15803741440
+15809190607
+15807610611
+15807060643
+15807614540
+15809198305
+15803743990
+15808170219
+15808050222
+15809516456
+15805791421
+15805300838
+15802730618
+15809190557
+15803010479
+15805797812
+15809510099
+15802918784
+15809194087
+15803745930
+15807069290
+15802911263
+15802733502
+15806000258
+15805745661
+15809195940
+15805503389
+15806702477
+15802732622
+15803341480
+15807060404
+15807214959
+15809511536
+15804500346
+15804617711
+15803074705
+15807068354
+15803077799
+15803012149
+15804610004
+15805798298
+15805748520
+15805798582
+15804613907
+15809198741
+15806700546
+15805746083
+15803348057
+15809564561
+15807685977
+15809193053
+15804610020
+15803747043
+15809194050
+15809510616
+15803012882
+15804187362
+15804614301
+15807214773
+15807613575
+15802732112
+15808050016
+15809190916
+15809564459
+15803347270
+15807214073
+15809512744
+15807680753
+15809300452
+15803010008
+15802917911
+15804619598
+15809195595
+15805600971
+15803346121
+15803349791
+15803012006
+15803342305
+15803011334
+15807613812
+15803012777
+15809564879
+15806000488
+15806708245
+15806707515
+15805305665
+15804612896
+15805792003
+15805745998
+15804188720
+15809564429
+15807684107
+15803744353
+15804616202
+15805792648
+15805740238
+15802401037
+15805603004
+15805791940
+15807613488
+15807681938
+15809191174
+15806930157
+15803743769
+15809195714
+15809193486
+15809510139
+15803072285
+15807681114
+15803902772
+15804618228
+15805744182
+15807689769
+15809519097
+15803010136
+15809195231
+15807682660
+15804502552
+15803011179
+15806930474
+15805501679
+15802735656
+15809513041
+15804502527
+15809300725
+15805793820
+15805609488
+15805749505
+15805743341
+15809190693
+15805747575
+15806705621
+15807219104
+15802918571
+15804500470
+15803745489
+15809190063
+15804491138
+15805795917
+15809518433
+15808171707
+15808051890
+15809190191
+15807069398
+15807683251
+15805741753
+15805300905
+15804614729
+15803903174
+15808171622
+15802915822
+15807612623
+15805503285
+15803013030
+15803344093
+15805304294
+15807060049
+15804611082
+15805790902
+15805748853
+15804612884
+15805748554
+15803019670
+15809196710
+15802918300
+15803741154
+15805607518
+15802730147
+15805790482
+15803342317
+15806707442
+15805301414
+15807682225
+15802910051
+15809194359
+15805301184
+15805748818
+15807613389
+15805740031
+15803013533
+15802731166
+15803345244
+15805300813
+15802912606
+15805748835
+15805798409
+15807683973
+15806705097
+15803349884
+15803346765
+15807684918
+15805745845
+15807689498
+15809190177
+15807683594
+15807500038
+15807061498
+15805748285
+15805746507
+15805792677
+15803344999
+15807219874
+15807061385
+15809569732
+15807684514
+15806705276
+15803013134
+15803010359
+15802913928
+15803019614
+15804618288
+15809196808
+15807689440
+15803011627
+15805792324
+15806705109
+15804616661
+15805302210
+15807680433
+15805792576
+15809300814
+15804613387
+15806700145
+15807611802
+15807615827
+15803011285
+15805603729
+15803341531
+15802912456
+15809513298
+15807500180
+15805309080
+15805790698
+15803340171
+15805601958
+15807680083
+15802916533
+15805790235
+15805793510
+15803345753
+15803072072
+15809516960
+15805745613
+15803010441
+15803347074
+15803900764
+15804501292
+15809510914
+15804501008
+15807069700
+15803745675
+15807619279
+15803741118
+15803345347
+15803340435
+15807612711
+15807069790
+15807616985
+15804611925
+15803741155
+15805798315
+15807617750
+15802910535
+15803741713
+15804618136
+15803013981
+15805748409
+15805749782
+15805742992
+15807610563
+15805744787
+15809192460
+15809193269
+15806930966
+15805500622
+15802736065
+15804618412
+15802917460
+15807219015
+15806702596
+15803349259
+15802913297
+15806700654
+15805794347
+15806701242
+15806704181
+15802912021
+15803019172
+15807688419
+15804610310
+15803349828
+15808051587
+15805790741
+15803019705
+15803019904
+15807616799
+15805797874
+15803900287
+15809561182
+15803902902
+15803349797
+15807684301
+15806701916
+15804613517
+15809192487
+15805796730
+15807680330
+15805796782
+15804188097
+15807681014
+15803349519
+15802730103
+15805302998
+15802400029
+15804250734
+15805742455
+15804613274
+15803010645
+15803349837
+15807614599
+15805742249
+15807619233
+15803010052
+15803347972
+15805740349
+15802915858
+15807684488
+15803010535
+15807211257
+15803900581
+15803012585
+15804491191
+15804501530
+15803347135
+15805798949
+15803074253
+15803903981
+15809198785
+15803902774
+15805791174
+15809194570
+15804187595
+15805748683
+15807211539
+15807681138
+15807068254
+15805604855
+15803900384
+15807211167
+15803742338
+15809191555
+15807616688
+15805600157
+15803072775
+15805794910
+15809565621
+15809193984
+15807614402
+15805306734
+15805790255
+15806700067
+15805798450
+15806930375
+15804610682
+15809196622
+15803010571
+15807612549
+15804615762
+15808810111
+15803742179
+15807685526
+15805799875
+15809196680
+15802918285
+15803747551
+15808051622
+15809195273
+15802916259
+15807684050
+15807689037
+15809191711
+15807612358
+15807683379
+15802910410
+15807689235
+15804251044
+15804506603
+15807219364
+15805600848
+15802916383
+15805605237
+15803903397
+15804612474
+15804618999
+15809516526
+15808171455
+15805799127
+15806930162
+15805790229
+15805746249
+15804188716
+15803903957
+15805305827
+15805607590
+15804500789
+15803014366
+15804613166
+15806000675
+15808051240
+15805509011
+15807210491
+15805748517
+15809516984
+15803742514
+15805503936
+15807214915
+15807611074
+15803347201
+15807682647
+15803742194
+15805603605
+15805600568
+15803743775
+15803010601
+15803076650
+15802734412
+15807068371
+15807611092
+15804500589
+15805742791
+15803013479
+15809562151
+15805794948
+15806701103
+15803074875
+15807680336
+15802910270
+15805790870
+15804616664
+15802738047
+15803342573
+15807683803
+15807066869
+15807616974
+15805742339
+15806704877
+15805743814
+15809512965
+15804188550
+15807684054
+15802916205
+15805745758
+15803010323
+15805796984
+15802912593
+15802913873
+15805790966
+15805503450
+15805740266
+15807616389
+15809514068
+15805309741
+15809198286
+15803348300
+15804500967
+15803343512
+15802912384
+15807701125
+15807068664
+15803340862
+15805609076
+15802738177
+15802734534
+15807681308
+15805603406
+15803072007
+15807613023
+15803077617
+15805603348
+15806930110
+15807684177
+15802739373
+15805744640
+15802732044
+15802912372
+15802910394
+15804188441
+15807682744
+15804619176
+15805607490
+15805799069
+15809190936
+15807612735
+15804490077
+15809198408
+15805748368
+15807683123
+15805509880
+15807687406
+15803902723
+15802910842
+15809511618
+15806932141
+15807618129
+15807613053
+15805743354
+15803019307
+15807616619
+15809199795
+15804619509
+15809195852
+15809191385
+15802918910
+15807613841
+15809301361
+15807060037
+15804612443
+15805743817
+15805798585
+15809513718
+15803340126
+15807683499
+15805792283
+15807689389
+15804614436
+15807701405
+15809512708
+15805746147
+15805748432
+15803347045
+15805790646
+15805607546
+15802917822
+15807068927
+15807682537
+15804618626
+15807210793
+15807068492
+15807616566
+15809199635
+15806704095
+15803343603
+15805503503
+15805309719
+15809518699
+15806700482
+15805509509
+15805798697
+15807611514
+15803742275
+15809198492
+15809199035
+15807610861
+15805794250
+15807615472
+15807683665
+15809190151
+15807614535
+15807683209
+15809192125
+15803342767
+15804611157
+15809511997
+15806707360
+15803347021
+15803748093
+15807617497
+15804615959
+15803349455
+15805746753
+15803340167
+15805794853
+15805746955
+15803340688
+15807685268
+15807219252
+15807500104
+15807617172
+15807611293
+15805301402
+15805600499
+15803741415
+15804613570
+15805509623
+15804614681
+15807682501
+15809198430
+15809511588
+15807610838
+15807619308
+15802732835
+15807680484
+15807069831
+15804612822
+15806704157
+15805745507
+15807213075
+15807213450
+15803746019
+15803349131
+15804506211
+15803014041
+15805799232
+15807060886
+15805742081
+15809192439
+15807682298
+15808050787
+15805743983
+15805603926
+15805742035
+15803010465
+15809513850
+15809197479
+15805304213
+15805793414
+15807701036
+15804500889
+15803011503
+15802913859
+15805796949
+15809516584
+15806702809
+15807613687
+15803347933
+15805744400
+15809510527
+15807681155
+15809195564
+15804618677
+15809511144
+15805300884
+15805749226
+15802736219
+15809195134
+15805749214
+15806707537
+15803745973
+15807612162
+15809194767
+15807615511
+15807212117
+15807060778
+15805740721
+15805604441
+15805304321
+15806700113
+15802913785
+15807069813
+15805749480
+15803012273
+15803341358
+15803012347
+15807688364
+15803014161
+15805301484
+15803744871
+15809511790
+15806701439
+15805740171
+15803744886
+15809563513
+15805742971
+15805799048
+15805792191
+15809519345
+15803012385
+15805503881
+15804188508
+15807682379
+15809199625
+15805302083
+15803075488
+15804610598
+15807219225
+15805603356
+15805601461
+15804611276
+15809198582
+15803341647
+15803019043
+15803077684
+15804611160
+15807069013
+15803902724
+15803014321
+15806000242
+15805790652
+15806701493
+15806701379
+15804613044
+15803019072
+15805301942
+15808171855
+15805794043
+15805744725
+15809195172
+15803349471
+15804500463
+15804612834
+15805603448
+15805309629
+15809511155
+15805796449
+15802735228
+15803901349
+15807500052
+15805790004
+15805301389
+15802731724
+15802912166
+15805796113
+15805794466
+15807680027
+15803741370
+15807615449
+15807613925
+15804187278
+15803903913
+15805300185
+15803900235
+15804612561
+15805740374
+15807680522
+15802915796
+15805304551
+15805743621
+15805792272
+15809193576
+15803345707
+15804614032
+15807616188
+15807610580
+15809564232
+15806000567
+15805791882
+15809569918
+15808170021
+15802912870
+15807681160
+15806705717
+15807069353
+15805749086
+15804502486
+15809199472
+15807614159
+15807061320
+15809040465
+15805600878
+15803345650
+15803012750
+15802737084
+15806704104
+15805793843
+15803072191
+15809193166
+15809190719
+15809197853
+15809196450
+15809516494
+15807614820
+15804618243
+15805309686
+15804612148
+15805506820
+15805746657
+15803347078
+15802915008
+15807685979
+15809569313
+15803748512
+15805600555
+15803019493
+15809514380
+15803743118
+15805790569
+15804502666
+15805600284
+15803013853
+15809560882
+15805300265
+15803346652
+15802913460
+15803349390
+15803341105
+15809190631
+15807612235
+15807210080
+15807612004
+15805797119
+15804618006
+15807612183
+15805748282
+15803743515
+15807680462
+15807684255
+15805790585
+15806707590
+15805794369
+15809513506
+15803014598
+15808171814
+15804187437
+15807685927
+15806701181
+15809193067
+15809192122
+15804617640
+15802732230
+15803902660
+15807066204
+15809518183
+15809564534
+15807610953
+15807615191
+15803902535
+15809566519
+15807060546
+15806932031
+15807687466
+15805743117
+15805309040
+15809510055
+15805743069
+15803342430
+15809513160
+15805604024
+15803344396
+15804502908
+15807069347
+15805794435
+15803019009
+15804616354
+15807617460
+15804500666
+15805506696
+15802911821
+15803347925
+15802736067
+15805509241
+15804617712
+15802733853
+15807614680
+15808810093
+15805797891
+15809195720
+15806700084
+15805799323
+15807616611
+15803342999
+15803341002
+15804610546
+15807069069
+15805793741
+15807613282
+15808050403
+15802919693
+15809198340
+15805795555
+15805300684
+15803345828
+15806705156
+15803747127
+15807684232
+15803342627
+15802912729
+15807680683
+15804610592
+15803742898
+15803012165
+15804610126
+15805600044
+15809193315
+15802912446
+15809511399
+15805796629
+15806701963
+15807617137
+15803748911
+15809196103
+15803900396
+15805500398
+15803342297
+15803341558
+15808050080
+15803744189
+15809196214
+15809194602
+15805742441
+15809191651
+15807614373
+15809192208
+15803741090
+15803747523
+15807613274
+15809196198
+15807611642
+15804618168
+15803345517
+15809191389
+15807612523
+15802730228
+15805795968
+15804619059
+15807683158
+15805797366
+15805790607
+15802912965
+15805795347
+15809195676
+15805744017
+15805741656
+15807682408
+15807689586
+15805748550
+15802918600
+15803345951
+15803902108
+15805745780
+15807682885
+15807616376
+15807616199
+15807680188
+15804611280
+15802912806
+15804503894
+15805603469
+15807701208
+15805609025
+15803011409
+15807615641
+15805302337
+15805791121
+15807060817
+15807685457
+15809519401
+15805604831
+15808170996
+15803340852
+15806701815
+15807614555
+15805798799
+15809569114
+15805500036
+15805601021
+15803075659
+15803014872
+15809516594
+15809190110
+15805798801
+15809198579
+15803348936
+15807616908
+15807210934
+15805793971
+15807219368
+15809513458
+15807611164
+15803743409
+15807613317
+15803341133
+15805748012
+15806700195
+15802917322
+15802738565
+15803019461
+15805740518
+15807614052
+15805600164
+15807617344
+15809510259
+15805749312
+15803348569
+15802915439
+15803011005
+15807614503
+15805302544
+15805747297
+15805744370
+15809193391
+15805749315
+15803900890
+15803346258
+15803747740
+15805300776
+15807618923
+15807611556
+15807615486
+15806930500
+15806707523
+15803012120
+15805743952
+15805603909
+15804611371
+15807687509
+15804610227
+15809199620
+15804611555
+15809518104
+15809564911
+15809564940
+15807066275
+15803077682
+15809040380
+15805796301
+15804614059
+15805748781
+15805797250
+15807614550
+15803074807
+15805740137
+15805301393
+15804610905
+15802916211
+15806930165
+15809190564
+15803902652
+15809514009
+15807615274
+15803345076
+15806700130
+15804187854
+15806930706
+15807069534
+15809511356
+15807681764
+15803014234
+15809511974
+15807685334
+15805301479
+15807617200
+15805741449
+15803900316
+15805742828
+15804617967
+15807610855
+15807211638
+15809518031
+15809510761
+15805601583
+15802914137
+15805748639
+15807619074
+15805604896
+15808050739
+15803010772
+15805601557
+15806705647
+15803745988
+15805301911
+15804500064
+15805601841
+15809519519
+15805309902
+15804614809
+15805790264
+15807611542
+15809199163
+15809513837
+15807682575
+15803347905
+15809040458
+15804617782
+15805799886
+15807618439
+15803346417
+15805603840
+15807684498
+15809199601
+15805501110
+15805792561
+15803747138
+15804618198
+15805600333
+15805745497
+15809510097
+15805793223
+15805302779
+15807069463
+15803903016
+15806707534
+15807061004
+15807614339
+15809564790
+15807689199
+15805741450
+15806701090
+15809569640
+15805742737
+15805796103
+15804501502
+15807219435
+15805301342
+15804618360
+15806701929
+15809196821
+15803075955
+15804619863
+15807214038
+15805749781
+15807615751
+15806930038
+15805743216
+15805798172
+15804610563
+15807214540
+15806704431
+15809560544
+15807069203
+15803748231
+15807500254
+15807614790
+15809191865
+15804614631
+15807061173
+15805301650
+15805791553
+15805302349
+15803745315
+15805500583
+15803745360
+15803019604
+15803744086
+15805740906
+15805603125
+15804611250
+15807219695
+15803747559
+15807681317
+15809565703
+15805304605
+15805790361
+15804612453
+15804617959
+15805300191
+15807219621
+15802913520
+15804501126
+15802400175
+15803748191
+15805607597
+15802913982
+15809197666
+15807680587
+15803348207
+15803011927
+15805795290
+15803746069
+15802735175
+15804612845
+15809196990
+15809193603
+15809196232
+15809192569
+15805797678
+15802731389
+15808170222
+15805743726
+15804500074
+15803747858
+15805301963
+15809510168
+15806700306
+15803010666
+15805796719
+15807616299
+15805741995
+15802732004
+15807611506
+15807211660
+15807616738
+15806930902
+15803075642
+15803340071
+15804613246
+15809195944
+15804617493
+15805791482
+15803014862
+15805798527
+15803348252
+15809193111
+15809197684
+15806700282
+15807681008
+15802913660
+15809199228
+15804612877
+15807613466
+15807682093
+15803011211
+15802733054
+15807688049
+15807701911
+15805506691
+15805503727
+15803742433
+15803077177
+15803013923
+15804616294
+15802916582
+15805301879
+15809564229
+15803078104
+15805300632
+15805302540
+15807061750
+15805305852
+15805302818
+15809516776
+15805795925
+15805300040
+15809518915
+15809511212
+15803900632
+15807683907
+15803074822
+15803011836
+15803012199
+15804615007
+15803748339
+15805604872
+15806700169
+15804187740
+15802916842
+15803902947
+15809192784
+15809561511
+15805300386
+15803010060
+15803743670
+15802912920
+15803343900
+15803344184
+15804610145
+15803900785
+15805604213
+15804617510
+15803341159
+15803010022
+15805744976
+15807068759
+15803012739
+15805748060
+15807701215
+15809519536
+15807689687
+15805798947
+15802918074
+15807061064
+15807616618
+15803745864
+15805304371
+15803349267
+15803343126
+15803744220
+15805609249
+15809511050
+15803018436
+15809519260
+15806702867
+15809195798
+15807613249
+15805794258
+15806700910
+15803346507
+15809192207
+15803077322
+15804610748
+15805798682
+15802918832
+15807211304
+15802914450
+15807618866
+15807685632
+15805302438
+15807061816
+15807613652
+15807799227
+15802919605
+15802738246
+15803013677
+15808171092
+15805790519
+15804491149
+15805300866
+15805795831
+15805791950
+15807611277
+15807680736
+15803075209
+15804614408
+15803340147
+15807689111
+15807682154
+15803011188
+15805601509
+15807688123
+15804618893
+15803077115
+15803013555
+15803335043
+15806700288
+15806701871
+15803902189
+15803748008
+15803744040
+15809300938
+15805798378
+15805740096
+15809190007
+15805749949
+15807616512
+15805741586
+15809514904
+15809510340
+15803349277
+15805300585
+15803345425
+15805796935
+15807061538
+15808170319
+15809569267
+15804618423
+15807613172
+15809565537
+15803345031
+15803013423
+15804250042
+15807685326
+15802915366
+15807684900
+15807683733
+15805304679
+15805740607
+15805503195
+15803345068
+15803072212
+15802917499
+15809519668
+15803011085
+15803748125
+15807683087
+15803011128
+15803074789
+15802915988
+15803347898
+15807682959
+15803745485
+15807610702
+15806700785
+15803011101
+15807680240
+15807068339
+15803012020
+15805740023
+15809193087
+15805309121
+15805600549
+15805740833
+15802917928
+15803014901
+15805793734
+15806701330
+15807068168
+15805601490
+15804491160
+15807616353
+15809197627
+15803741740
+15805609753
+15803345340
+15807683848
+15804614171
+15803011446
+15804615006
+15805740608
+15809194142
+15802913356
+15802737137
+15803342962
+15805799715
+15805797398
+15802735066
+15805743512
+15809510550
+15809040537
+15805306622
+15809564859
+15804616269
+15805746481
+15802918257
+15805500432
+15809193905
+15805793523
+15803742388
+15807688043
+15807060252
+15807061220
+15806700807
+15807616846
+15805794941
+15805604109
+15803013153
+15807616230
+15806700428
+15803011547
+15803900230
+15803741600
+15805749429
+15807685482
+15806930371
+15805304366
+15803074005
+15809192729
+15805790566
+15805794836
+15804500691
+15803343503
+15805745128
+15803072769
+15805747066
+15805793191
+15804501411
+15807689922
+15802912899
+15805744236
+15807689478
+15809513669
+15805600698
+15809191904
+15805603138
+15807213251
+15802916891
+15806701324
+15807683050
+15805300523
+15805301079
+15804611904
+15803072960
+15807680206
+15804615687
+15807689929
+15807701530
+15805743570
+15805603426
+15808050102
+15805506107
+15803741655
+15804611327
+15807069237
+15804611903
+15809195685
+15805609663
+15802911285
+15802735853
+15805606610
+15804501302
+15805301721
+15802918883
+15809192146
+15803014587
+15803347152
+15805791980
+15809518063
+15802916244
+15808170835
+15807682916
+15809519276
+15809563731
+15807689903
+15803012696
+15805748509
+15803012297
+15804500472
+15806705992
+15803748121
+15809513008
+15805303768
+15807061119
+15809190991
+15809513950
+15805797364
+15802917962
+15805745591
+15805794477
+15809516623
+15803341307
+15807680793
+15803743406
+15807612105
+15807682699
+15805304347
+15807610483
+15804188427
+15804501935
+15805301120
+15809510088
+15805301163
+15804615543
+15804619901
+15805742604
+15809562918
+15807685423
+15809195068
+15805501745
+15807611197
+15803010944
+15803349883
+15807061245
+15805746266
+15809560234
+15807616155
+15807219521
+15805745083
+15809566596
+15803902547
+15805796919
+15807614333
+15803341686
+15803349670
+15805509573
+15805740592
+15803741576
+15803077972
+15802911766
+15803902872
+15809191102
+15804619600
+15809560062
+15802915981
+15809560990
+15809511209
+15804610922
+15804615650
+15802911161
+15807060638
+15805300688
+15802917864
+15806700917
+15807069002
+15805749133
+15809518066
+15807689171
+15803346215
+15805305664
+15805305802
+15805502384
+15807061923
+15805740568
+15805302889
+15807060863
+15803013932
+15803341375
+15805603388
+15804188485
+15805790222
+15803074115
+15803340746
+15805506467
+15805797162
+15804612645
+15802910704
+15809518217
+15806704597
+15809514250
+15802910817
+15807684478
+15804617875
+15803341021
+15802919532
+15807612830
+15807613413
+15805796193
+15809191221
+15803072105
+15809195679
+15804616334
+15807618182
+15806705114
+15805300597
+15805509157
+15809197784
+15802917083
+15803015351
+15809515212
+15802913185
+15805506120
+15804502716
+15807614625
+15805743119
+15807615677
+15809199670
+15808051374
+15807689143
+15807068137
+15804188886
+15807069614
+15805799831
+15809514215
+15807689455
+15802911110
+15805600681
+15803012233
+15802733032
+15808170589
+15809197486
+15803347917
+15807610971
+15807061396
+15805791709
+15805792363
+15805798150
+15804491298
+15805303017
+15805302514
+15804611141
+15805606959
+15809564165
+15803010182
+15809510224
+15804250160
+15803342401
+15805798429
+15805794252
+15803340776
+15808050040
+15809516418
+15809519669
+15807701717
+15807682081
+15804618139
+15802913575
+15803010311
+15803747833
+15809564648
+15806704949
+15802915855
+15803346944
+15807682259
+15805741364
+15805792478
+15802734104
+15802736157
+15802919829
+15802910975
+15809511528
+15803077422
+15809192730
+15805500986
+15809197077
+15802733010
+15809510282
+15805793522
+15803741932
+15809514212
+15805793804
+15809194123
+15805748582
+15809563721
+15807219004
+15802735690
+15807610394
+15809191878
+15804613209
+15809191771
+15803901226
+15809192777
+15806707563
+15806704406
+15805506631
+15807610206
+15802910167
+15807069159
+15807610815
+15809199193
+15803075869
+15809197610
+15807068631
+15805793469
+15803349369
+15804613955
+15807610199
+15805744515
+15807219823
+15807213878
+15807615401
+15803077838
+15805609875
+15805506081
+15804188214
+15807683346
+15807616423
+15804618808
+15805304628
+15803342825
+15807061980
+15803744858
+15804611875
+15809193891
+15809519193
+15804612664
+15804614349
+15805790900
+15803011705
+15809565097
+15804188031
+15804187192
+15803013072
+15802916514
+15809560504
+15805501958
+15807616560
+15805795059
+15802912325
+15807685284
+15806707476
+15807214314
+15806704330
+15802912193
+15809190621
+15802736001
+15802917941
+15803349336
+15807068812
+15809510230
+15807680571
+15805301162
+15803012666
+15804614358
+15805797325
+15809519192
+15807683313
+15802912589
+15802912922
+15809518189
+15805746324
+15803743575
+15802734090
+15805302049
+15805747960
+15807684273
+15803745325
+15803011506
+15807614594
+15804502343
+15804502296
+15805793965
+15803745689
+15809564591
+15805300139
+15805609771
+15805747378
+15805603547
+15802918102
+15803744060
+15807616358
+15805794109
+15809192138
+15805080001
+15807213286
+15803747472
+15809194868
+15808810361
+15803900336
+15804618719
+15809514730
+15809195820
+15805301373
+15809194030
+15805746395
+15807060867
+15809562605
+15805794119
+15807683030
+15803013567
+15804611999
+15807212189
+15805799665
+15809564055
+15802914950
+15805744120
+15805605164
+15809194984
+15807685636
+15803345009
+15803019800
+15805603358
+15803348198
+15805747390
+15805744884
+15807615367
+15803349330
+15805748608
+15807618805
+15804250209
+15803012619
+15807061138
+15807615353
+15809564795
+15809194733
+15805793731
+15806700349
+15807611362
+15807616689
+15804617160
+15803075418
+15806704195
+15805607601
+15805603585
+15807684238
+15807684743
+15802916575
+15809195003
+15809197576
+15806701737
+15809511198
+15805509172
+15809193289
+15809197828
+15807211585
+15802914539
+15802737038
+15805748912
+15802917725
+15805601123
+15803076739
+15805303688
+15803903637
+15803902122
+15805302920
+15803075572
+15809510766
+15809195393
+15805794905
+15803019447
+15804188496
+15803079812
+15808051759
+15805601218
+15805308896
+15803349803
+15805608698
+15803011318
+15805744887
+15809511432
+15804503411
+15805740420
+15807680779
+15804616199
+15803344555
+15805302967
+15809192709
+15802919197
+15803012330
+15803011346
+15803344046
+15805747139
+15806705259
+15802912399
+15809199186
+15805509440
+15803072780
+15809191272
+15807614174
+15805797871
+15803744815
+15805743671
+15805749132
+15807680904
+15805503141
+15805746698
+15809040319
+15805798650
+15804250602
+15804501569
+15808171523
+15803348088
+15805746424
+15807680563
+15803343087
+15805748164
+15805500346
+15803345834
+15807210159
+15807617768
+15807614166
+15804501365
+15805300153
+15804614728
+15807682952
+15805609111
+15803012185
+15807684814
+15805790634
+15806700241
+15804617450
+15803014975
+15807211144
+15809197777
+15809194495
+15803900977
+15802737115
+15806000352
+15809566211
+15805601072
+15804500855
+15803743629
+15807214324
+15803019546
+15807214449
+15805305754
+15802912152
+15803902581
+15803743141
+15805747180
+15805604729
+15809190654
+15803741436
+15809196444
+15805743275
+15805799026
+15807619538
+15809511628
+15803346024
+15805300491
+15807682600
+15807214134
+15805792228
+15805301038
+15805600181
+15805797245
+15805746128
+15807682805
+15802917990
+15803010504
+15804502042
+15803011935
+15809563451
+15803013053
+15804188680
+15805742957
+15809195238
+15806701364
+15809300648
+15802917418
+15803902186
+15808051609
+15807611600
+15805300492
+15807068115
+15807614766
+15802732558
+15803347762
+15808050029
+15807219354
+15807680194
+15804611261
+15805506058
+15807213014
+15803903269
+15805741249
+15808051364
+15805749642
+15805791417
+15805603714
+15805742332
+15803347286
+15803072742
+15809511649
+15807701406
+15804618003
+15803744772
+15809515180
+15804610697
+15804612826
+15805744530
+15809569384
+15803741881
+15807684355
+15805600286
+15802917903
+15805745438
+15802913168
+15808050369
+15807614929
+15809511398
+15803075671
+15809190292
+15807683203
+15809194823
+15809191336
+15802736161
+15807210245
+15805799512
+15803012637
+15802913477
+15803019389
+15808170794
+15805747783
+15805790471
+15802400266
+15803077260
+15807612818
+15807068264
+15807210611
+15805799143
+15807214109
+15803012472
+15803902572
+15804501597
+15809518197
+15803347652
+15803748267
+15808050559
+15804500106
+15807069482
+15802913566
+15806704345
+15803340651
+15804614506
+15802734421
+15803346176
+15807613028
+15807615309
+15804618588
+15807617032
+15805795892
+15807619229
+15808170451
+15803743779
+15807682818
+15806704271
+15805798984
+15804612878
+15807612581
+15809560209
+15806707520
+15807680975
+15805600630
+15803011393
+15805605235
+15805748903
+15807683715
+15805744020
+15802400035
+15805747963
+15809513706
+15803072255
+15804612409
+15805600232
+15805748052
+15805743293
+15808170301
+15807617588
+15809191404
+15805607649
+15805300399
+15802918314
+15809516033
+15805300947
+15803741456
+15809300196
+15805743727
+15807219632
+15809516775
+15805742503
+15805742110
+15805748727
+15805799933
+15809192215
+15805748341
+15804615684
+15805792734
+15805609989
+15802910201
+15805304252
+15807219586
+15804188656
+15802913917
+15804502923
+15805799542
+15804500044
+15809516924
+15803019584
+15807061679
+15806702882
+15802913469
+15809192880
+15809513478
+15809300192
+15809519593
+15807689040
+15804611581
+15802916451
+15806708915
+15803010724
+15807219458
+15805744871
+15809199554
+15804188197
+15807061570
+15807060899
+15805791821
+15803012339
+15803741263
+15805747900
+15805799440
+15809193637
+15805604611
+15807616527
+15807060782
+15809560865
+15809564472
+15805744111
+15808050256
+15807684061
+15803077196
+15809561875
+15805745990
+15803745764
+15803743535
+15807219259
+15806930104
+15803012332
+15804187729
+15805301903
+15807683638
+15805749732
+15804491242
+15803349750
+15807618957
+15808170882
+15807061022
+15806701939
+15806704878
+15802735440
+15805795588
+15805609877
+15802737167
+15805601797
+15807061715
+15807613150
+15803346031
+15804506203
+15807611899
+15804615433
+15802737077
+15803011622
+15804610270
+15802735128
+15804616194
+15807612267
+15807061314
+15806707390
+15802400092
+15807701028
+15805309672
+15803744151
+15802918770
+15807210919
+15805609567
+15805796038
+15807615901
+15807682505
+15807689983
+15803074232
+15805609008
+15807616395
+15809511110
+15803345316
+15805798802
+15807060672
+15803010051
+15803741617
+15809190864
+15803075223
+15806702933
+15802912327
+15804610105
+15807614584
+15805790632
+15805300308
+15803343027
+15807213657
+15809300977
+15809511102
+15807685133
+15805799857
+15807688788
+15803747374
+15804611980
+15809510991
+15802739040
+15804613117
+15807210755
+15807685553
+15805798652
+15803903956
+15809197333
+15807616064
+15809512404
+15805799244
+15809510044
+15805748553
+15805302768
+15805791083
+15803345369
+15807680625
+15807616870
+15803019533
+15807613410
+15805794124
+15806705550
+15803014306
+15805743536
+15803340689
+15805302734
+15809198591
+15804611455
+15805740242
+15805300240
+15807684119
+15804501261
+15805799311
+15805601482
+15806707785
+15805791177
+15803747764
+15805503725
+15805309680
+15805797926
+15804612372
+15803346821
+15803742348
+15808170733
+15805744268
+15805609885
+15805748778
+15802731977
+15805749560
+15804616516
+15803742522
+15807061789
+15809197139
+15803341774
+15805600046
+15807685862
+15805794632
+15807068679
+15803013814
+15809513664
+15807618780
+15805794624
+15805509805
+15802913435
+15803072798
+15809564513
+15802911126
+15805748435
+15806701232
+15805744842
+15807068235
+15807685707
+15804619430
+15805301260
+15807612692
+15802913400
+15807615909
+15805745282
+15805740538
+15807613248
+15807060473
+15809191280
+15805309076
+15806930360
+15807214869
+15802916175
+15808170919
+15805792907
+15803011961
+15809190922
+15809566391
+15805309201
+15806930200
+15807681502
+15807612838
+15807685125
+15806701449
+15807616773
+15803013647
+15805305996
+15805747859
+15805309132
+15808810079
+15805798664
+15802918760
+15805795985
+15805790618
+15805743411
+15807069471
+15802919606
+15807611648
+15803900270
+15807617258
+15807681200
+15805795699
+15805749862
+15807611261
+15809197883
+15802913209
+15806704713
+15809193319
+15809565956
+15807684532
+15807688646
+15803012647
+15807684179
+15803014919
+15804188151
+15808171001
+15807613355
+15807060935
+15807689695
+15804500450
+15805502780
+15805609817
+15802734077
+15807615328
+15806704249
+15807683726
+15807701303
+15807069572
+15803014997
+15804618728
+15805603449
+15806930254
+15807618623
+15806700547
+15804501105
+15804610347
+15809514649
+15809300276
+15807683153
+15806701997
+15809516569
+15802918635
+15807685257
+15805746873
+15807617016
+15805604661
+15809564382
+15807616567
+15805747480
+15805745586
+15803900213
+15807060295
+15805742523
+15809193777
+15809566689
+15807069153
+15806700601
+15804617377
+15805747208
+15809511917
+15804612022
+15804613065
+15802912216
+15804501393
+15809190138
+15809197514
+15805798889
+15805747889
+15803902694
+15804613369
+15806700377
+15807614428
+15807061209
+15807618806
+15803747961
+15805309965
+15806700927
+15809040008
+15809560221
+15802916041
+15807614006
+15809195317
+15803741303
+15802917245
+15802915019
+15809510942
+15802915418
+15802917139
+15802915718
+15804500025
+15805302532
+15803074772
+15807614115
+15805793188
+15809198788
+15806704109
+15804502681
+15809197822
+15805790794
+15805748248
+15809513338
+15809193843
+15804612094
+15805742501
+15807211738
+15803747513
+15807681163
+15805302510
+15809516468
+15804491221
+15807689741
+15803742065
+15809561178
+15803019798
+15805794735
+15802734119
+15804501743
+15805746425
+15809199072
+15807612382
+15803011146
+15807219310
+15806701588
+15805742835
+15803075100
+15805798145
+15805741082
+15805300169
+15807210716
+15805798909
+15805798476
+15809191270
+15802911035
+15809190448
+15807683895
+15805749121
+15802913127
+15807617168
+15803019761
+15805797451
+15807610512
+15809564140
+15804612488
+15807614282
+15808170783
+15803346356
+15803742205
+15808050589
+15805797637
+15804611187
+15809197706
+15803902528
+15807680767
+15807069042
+15805600520
+15807219673
+15809199103
+15802735573
+15807067793
+15804610379
+15804619660
+15809190795
+15808170382
+15804618038
+15804187834
+15807210320
+15807689020
+15805608774
+15806704356
+15804188451
+15803349140
+15807680865
+15809519868
+15809519501
+15804613576
+15804501404
+15804610968
+15803745753
+15802918476
+15805743880
+15803743993
+15807211546
+15805607061
+15805799732
+15805743306
+15805798157
+15805799405
+15803010127
+15804618653
+15804616335
+15804188938
+15806705028
+15804501606
+15805609619
+15802912546
+15809519093
+15805794784
+15802912227
+15802733102
+15803019195
+15802912156
+15806702362
+15804614201
+15805506665
+15803011351
+15809195607
+15803745938
+15805747466
+15805309046
+15805605200
+15809512936
+15803330091
+15809040169
+15807069259
+15807213193
+15809511389
+15803742397
+15807689588
+15807210122
+15805742343
+15809193033
+15802911210
+15809569816
+15803072491
+15809569565
+15802913118
+15806930296
+15805743214
+15803346885
+15809512493
+15803343455
+15805792969
+15807615605
+15803012411
+15805741298
+15803012435
+15803742018
+15805743153
+15809564320
+15804610307
+15807684697
+15806701521
+15802913936
+15804617240
+15803340130
+15809510507
+15805500429
+15803071042
+15805303052
+15803745549
+15805601397
+15809513972
+15805799206
+15805301317
+15802914385
+15805799782
+15805600586
+15802913542
+15807611630
+15807681842
+15803074371
+15806704033
+15807613754
+15809511033
+15807682588
+15807616496
+15805300459
+15805740917
+15809198439
+15803346157
+15806707132
+15804611100
+15807069280
+15807683753
+15805792652
+15803075993
+15802913989
+15809195362
+15807681236
+15806702950
+15804491080
+15806705589
+15802737177
+15809511208
+15804614886
+15809192054
+15804617078
+15806000194
+15803072890
+15806930170
+15808170784
+15807610615
+15805791910
+15806700207
+15806000247
+15804188421
+15806930265
+15807684496
+15805601634
+15805302963
+15807068430
+15808051643
+15804500896
+15807061106
+15807683408
+15803014844
+15803345629
+15805794293
+15803748754
+15802914995
+15805795779
+15803901087
+15802730347
+15803902360
+15807617982
+15805797716
+15805609777
+15803072956
+15805744209
+15803742551
+15807617767
+15805301189
+15803900327
+15803010343
+15803741691
+15807061842
+15804490303
+15805745510
+15805790415
+15805749431
+15807685752
+15805794944
+15805796406
+15802915673
+15807066203
+15805749578
+15805604483
+15803340638
+15805304544
+15809193513
+15802733529
+15803349478
+15802913312
+15809569358
+15807066935
+15802917129
+15805309697
+15803072554
+15808051994
+15808051501
+15807681195
+15807683662
+15806704432
+15803010883
+15803348643
+15805743230
+15803742580
+15804615560
+15806700936
+15803077373
+15806932042
+15809514462
+15807616573
+15805741802
+15803014991
+15807614328
+15803900917
+15808171718
+15803075970
+15809196672
+15803344356
+15807069319
+15807500027
+15803014637
+15805740672
+15805748159
+15803744007
+15807701340
+15805747861
+15803079272
+15809518258
+15809510871
+15805300395
+15809564298
+15809566249
+15803345733
+15805604429
+15807219680
+15805601346
+15809192624
+15809199797
+15806701894
+15805798258
+15807618465
+15807210736
+15806708745
+15808171421
+15809514640
+15807064195
+15806702447
+15803079246
+15804611309
+15805746052
+15803019318
+15806707492
+15803014275
+15803902444
+15809196456
+15809196440
+15803741787
+15805503766
+15809192117
+15804188832
+15804615380
+15809513375
+15807060008
+15805746833
+15804613029
+15802734028
+15803012514
+15809191647
+15803076956
+15807618436
+15807069694
+15805795530
+15807684662
+15802910445
+15808171379
+15803340747
+15806700675
+15805741902
+15805741308
+15807680025
+15809560899
+15806702657
+15807611211
+15807683636
+15803340157
+15803745984
+15805741778
+15807619235
+15805742968
+15803077006
+15804614626
+15806701577
+15807617214
+15805741735
+15804188296
+15805506157
+15807060662
+15805741073
+15805301841
+15807611395
+15807219111
+15803018866
+15804615019
+15805797332
+15804250548
+15803341407
+15805790077
+15808050364
+15806701940
+15809196480
+15805309670
+15806702646
+15805745410
+15802915618
+15807068535
+15807682705
+15809191464
+15805744502
+15809194155
+15803071567
+15809195486
+15805745587
+15805799380
+15805302023
+15807211371
+15804614551
+15805600482
+15805743712
+15809194071
+15807615791
+15807213560
+15803745104
+15806000017
+15809197303
+15803342021
+15803011608
+15803900299
+15803019866
+15806708611
+15807618657
+15802912744
+15809198418
+15807214142
+15805746510
+15803745044
+15804501299
+15809190834
+15803340922
+15803012325
+15805747915
+15807615028
+15804619899
+15805302713
+15803745121
+15807060728
+15807616793
+15803748816
+15805794531
+15803341487
+15802919557
+15807689811
+15808170056
+15805797002
+15804617040
+15803077647
+15807682850
+15804616216
+15802919502
+15804611985
+15803012065
+15808051942
+15809511511
+15803079980
+15805309536
+15804612981
+15807611809
+15802738139
+15807617556
+15803010408
+15804613068
+15807611935
+15804611200
+15805749652
+15804612140
+15805790669
+15807613621
+15805795151
+15808171146
+15809563935
+15806701631
+15805500517
+15807685455
+15805797887
+15807613099
+15802738102
+15807060977
+15809198636
+15807611623
+15807611928
+15805744043
+15809510593
+15809566046
+15804617760
+15803743382
+15809514796
+15805606382
+15805795889
+15808050827
+15804617827
+15804616586
+15805601112
+15807613369
+15805605276
+15803013208
+15805749388
+15807617425
+15806701479
+15803074679
+15803346371
+15803011636
+15803340804
+15808170194
+15809519103
+15802916375
+15807611289
+15805745906
+15805749173
+15809511216
+15805742964
+15805509295
+15806702601
+15805509442
+15809195937
+15805305858
+15807683296
+15805792305
+15803344643
+15807680450
+15807613124
+15803900861
+15802918288
+15805797003
+15805300114
+15806701321
+15802917520
+15807614836
+15805798171
+15805600430
+15805796920
+15802914390
+15807610942
+15809191229
+15809516630
+15804612066
+15805743136
+15805799240
+15805746800
+15803019268
+15807684166
+15803019627
+15802917354
+15805749244
+15809518659
+15802733357
+15803743789
+15803348826
+15804611236
+15809190793
+15804617664
+15803347852
+15806930264
+15803343618
+15806707374
+15805305591
+15803072599
+15803745550
+15809513948
+15805795782
+15809564322
+15804188408
+15807060372
+15805503011
+15802912503
+15807680766
+15809511900
+15803743190
+15807689657
+15807068906
+15809195033
+15804500121
+15809513086
+15809199316
+15809513812
+15803902914
+15807613115
+15809190850
+15805744358
+15809196484
+15804501017
+15805748577
+15803072094
+15807799022
+15807067976
+15805303581
+15805743941
+15802917275
+15809194786
+15809519741
+15804616051
+15809565451
+15807611953
+15803342534
+15806700327
+15803077134
+15804617859
+15803010237
+15802912489
+15805506736
+15809560027
+15803011724
+15804188821
+15802911949
+15809195524
+15807617788
+15809195712
+15804508803
+15807615227
+15802910180
+15807614726
+15809511359
+15803013258
+15803348278
+15809518464
+15803347075
+15809190943
+15807616542
+15805741901
+15804615993
+15803903238
+15807615223
+15805792630
+15803747614
+15809194104
+15805747809
+15806700682
+15805300519
+15807612640
+15806000653
+15809190247
+15809199318
+15809516889
+15809566180
+15805600833
+15809564678
+15804617934
+15805799188
+15807612178
+15804616677
+15807614516
+15805604371
+15804500430
+15805509542
+15804502941
+15803074656
+15804610077
+15804250779
+15807682864
+15805790971
+15807616984
+15803012013
+15803344294
+15804611679
+15803340676
+15803742393
+15803331963
+15802915880
+15807612574
+15804611417
+15805607667
+15804611068
+15809199800
+15804187621
+15802919958
+15809193686
+15809568640
+15804610253
+15808170553
+15804614892
+15805799250
+15809192400
+15804615021
+15802917540
+15803903779
+15803349678
+15807684271
+15803345535
+15809566050
+15807210756
+15805744162
+15803346598
+15802912292
+15807500644
+15807060405
+15803011828
+15803903744
+15805746620
+15805799807
+15803748018
+15806708875
+15807614451
+15805792760
+15805799369
+15809516500
+15805790738
+15807617017
+15807067346
+15805744375
+15804614732
+15805509507
+15803077913
+15803744768
+15807682839
+15805740065
+15805790302
+15805607515
+15803014255
+15809513532
+15809196996
+15805791788
+15805746989
+15809199920
+15802913268
+15804614906
+15802735198
+15804614703
+15803748502
+15805302295
+15807211033
+15802734229
+15805748108
+15804612465
+15807210878
+15802735041
+15804500052
+15809513076
+15804509263
+15809564942
+15805790464
+15809511803
+15804611087
+15807685801
+15804615337
+15807610937
+15807611130
+15805799952
+15809563932
+15805304555
+15805304674
+15802913399
+15805741773
+15807610761
+15805743869
+15809519799
+15802917542
+15807684598
+15809300758
+15805609083
+15803019381
+15804615012
+15807219018
+15802731134
+15803344278
+15807211140
+15803747228
+15802732781
+15807618147
+15807061723
+15803346409
+15802912957
+15804614714
+15804615582
+15806701427
+15802911672
+15805503587
+15805791320
+15807211726
+15802917036
+15804502972
+15807688441
+15805798907
+15803341670
+15805604248
+15806700944
+15805304698
+15803011737
+15809514400
+15802914978
+15802918711
+15805303642
+15803343801
+15807610660
+15809564956
+15806704428
+15807616277
+15807614458
+15804612281
+15807616772
+15807612086
+15803748534
+15803743948
+15807068391
+15809510432
+15809300025
+15805301678
+15803348721
+15807611478
+15809516682
+15805746158
+15807619162
+15804619249
+15805797214
+15806930092
+15803012931
+15806701155
+15804508515
+15802913374
+15802917869
+15803748797
+15809192542
+15809040640
+15802915868
+15807061409
+15807611947
+15805303432
+15809518745
+15804614494
+15805796742
+15803745676
+15803072439
+15807614224
+15807615319
+15808810168
+15803072954
+15804611924
+15805745303
+15807610876
+15807689729
+15807618186
+15807060391
+15803343815
+15807611936
+15807616714
+15807213195
+15805794352
+15803745751
+15802917408
+15805607542
+15805500486
+15809564863
+15802918038
+15809512705
+15803741306
+15803019231
+15804613078
+15809197003
+15805608290
+15809197149
+15803075807
+15807061369
+15803012928
+15807211633
+15805799770
+15804500709
+15807614197
+15803012247
+15809513260
+15805509517
+15805506883
+15805300057
+15809197850
+15804612104
+15807611544
+15809513699
+15807689068
+15809199115
+15805748936
+15802913422
+15805506159
+15803079326
+15803077871
+15805309888
+15804614517
+15804613028
+15807683562
+15805792912
+15808171188
+15805799572
+15805304460
+15809511687
+15809198294
+15805798065
+15805741381
+15806707353
+15809566365
+15804613336
+15803745253
+15807066115
+15807210514
+15806704116
+15807611570
+15806707583
+15807682748
+15805303966
+15809568708
+15802917790
+15805746464
+15806700421
+15803745579
+15805501521
+15805740088
+15803019747
+15807612091
+15805791961
+15807611665
+15805301754
+15805793618
+15807682282
+15804610107
+15807061393
+15803019886
+15803347210
+15803331051
+15807680207
+15803341769
+15803741532
+15807213162
+15805509699
+15805608775
+15805743994
+15809562973
+15807069245
+15803010396
+15804188116
+15807213795
+15802910925
+15805749363
+15803348153
+15807610364
+15802912210
+15805506649
+15803347249
+15807211465
+15804618409
+15807618041
+15809564242
+15803014775
+15809192289
+15806708971
+15807681494
+15807066410
+15808170804
+15802919591
+15809194442
+15807069001
+15803349363
+15805309669
+15804612390
+15809564258
+15806701795
+15804188741
+15802911781
+15805604856
+15805796591
+15806930527
+15804500686
+15803348361
+15803345686
+15803018025
+15807611100
+15809191629
+15809563557
+15803010365
+15807611400
+15806704166
+15805799046
+15804612970
+15805745654
+15805501883
+15805500470
+15805790477
+15805304330
+15806704096
+15807213427
+15805790110
+15807618264
+15807617610
+15809198519
+15804616358
+15802918006
+15805302475
+15806700401
+15804502640
+15805303622
+15805301089
+15806707489
+15807680008
+15805605183
+15807685773
+15809564842
+15805749408
+15809518339
+15809195883
+15807069073
+15803348197
+15805742235
+15804611221
+15807615955
+15805790246
+15807210034
+15807061031
+15807616654
+15807680237
+15803747581
+15809197295
+15807615570
+15803348915
+15805746071
+15807681375
+15805606607
+15807210257
+15804250596
+15805793257
+15807612689
+15805748314
+15804614250
+15807611379
+15804617577
+15807618331
+15806930480
+15807681225
+15809513140
+15804618093
+15804617839
+15807069498
+15809191837
+15804613205
+15806702970
+15802919647
+15807613284
+15806702638
+15809191623
+15807681495
+15805309469
+15807618563
+15803747758
+15803019989
+15803011993
+15803349454
+15805744878
+15803747040
+15809192221
+15803742008
+15804610560
+15809564228
+15803345787
+15807615163
+15803748814
+15809564823
+15805740460
+15804616206
+15809511530
+15804491182
+15805747931
+15809518941
+15805300662
+15805790759
+15809513968
+15803743556
+15807615228
+15807219628
+15809192573
+15807684343
+15809191873
+15807610646
+15807614469
+15803902364
+15809199453
+15803349237
+15807069999
+15807680517
+15802739644
+15802739192
+15803745394
+15809193376
+15809569839
+15805791812
+15802916504
+15802739954
+15804613422
+15803900214
+15809516649
+15804250319
+15805796035
+15809198198
+15808171629
+15808170515
+15807210028
+15804616008
+15805741892
+15807060786
+15804614987
+15805300740
+15807214291
+15809195291
+15804500222
+15807060632
+15805744389
+15803074730
+15807060646
+15807681673
+15803346850
+15804615389
+15807680917
+15806930551
+15805606282
+15802913590
+15805301832
+15802730409
+15808170067
+15803742104
+15809563479
+15808170386
+15804188894
+15803902910
+15804616272
+15807219947
+15807614388
+15809562942
+15804610959
+15802917101
+15807611750
+15802739025
+15809194222
+15807682829
+15805796646
+15805302589
+15803744795
+15807219326
+15803077788
+15809564812
+15805600224
+15809193174
+15802913418
+15805794643
+15804617105
+15805604728
+15809300515
+15804618739
+15805799251
+15802915829
+15803340614
+15805506342
+15803903789
+15805300870
+15803348797
+15807683572
+15803075445
+15807683259
+15807210222
+15803014215
+15802914915
+15803011772
+15807685995
+15803077138
+15805745569
+15805741670
+15803331010
+15809561303
+15809198362
+15803342128
+15804250556
+15809519992
+15804612183
+15803013736
+15807615943
+15805748032
+15809195706
+15809195573
+15806700345
+15803346649
+15809569965
+15803011082
+15803014031
+15804613066
+15803014537
+15804500863
+15804491265
+15802918617
+15802732013
+15805309145
+15806702816
+15802737018
+15803077751
+15807614515
+15808050093
+15803349438
+15805793578
+15805302593
+15805300352
+15804188823
+15803018004
+15804500630
+15805745175
+15807614872
+15805603210
+15807613822
+15803077291
+15803342081
+15809194651
+15807060976
+15805741374
+15807682984
+15807069573
+15805798455
+15803018038
+15803012205
+15807211691
+15805601370
+15806000181
+15807068810
+15804616054
+15802916326
+15805302434
+15805302819
+15804500131
+15807612420
+15807214790
+15805744933
+15807500295
+15802738739
+15807685077
+15805301977
+15805749635
+15803013528
+15807613851
+15804501532
+15807219940
+15803742278
+15807210104
+15807615505
+15804617356
+15803742243
+15809300616
+15804616274
+15802910568
+15805603244
+15807681550
+15802737121
+15802913432
+15805797670
+15807685749
+15805798244
+15802913447
+15807061464
+15809519810
+15808171683
+15807682834
+15805743175
+15805748258
+15805743025
+15806704898
+15807611566
+15807611195
+15804611454
+15809192600
+15805600133
+15809513060
+15807617657
+15804614235
+15805749457
+15802912309
+15805302723
+15807684390
+15807681341
+15802916976
+15806701616
+15805797585
+15805749275
+15804612492
+15807060203
+15805301588
+15805302029
+15805797699
+15807060772
+15803075288
+15803344931
+15803741406
+15807683834
+15809566639
+15809196691
+15803745965
+15805796006
+15809192804
+15807610007
+15809564636
+15804617931
+15806701579
+15803010583
+15807614493
+15807619645
+15807066087
+15802738082
+15802918191
+15809511839
+15805798525
+15807067874
+15803340618
+15802738042
+15809300335
+15802910365
+15803345744
+15803743625
+15805300561
+15802917329
+15807689352
+15807685241
+15804619271
+15809512250
+15805506933
+15802732815
+15808051381
+15803340943
+15807219577
+15802910920
+15809564489
+15805600076
+15803900342
+15808050847
+15805795300
+15805603407
+15807500649
+15803748673
+15804611558
+15805509347
+15804614029
+15805303655
+15805798176
+15807061442
+15808171848
+15803341585
+15804611833
+15807619284
+15803019496
+15805747259
+15805743156
+15809199924
+15805747463
+15805797690
+15805799713
+15807617823
+15807615600
+15803011053
+15809192378
+15803072866
+15805601677
+15804491271
+15809198556
+15809514776
+15804619689
+15805748519
+15803073578
+15807616800
+15809193335
+15806701790
+15803010344
+15805741942
+15805742424
+15805747504
+15804614713
+15805742335
+15807618826
+15802914492
+15802912807
+15805748376
+15804615957
+15809510669
+15807685863
+15804613286
+15803075882
+15809564461
+15807210550
+15809563546
+15807617774
+15804611130
+15803900220
+15804610842
+15803744339
+15805603760
+15809190567
+15804619765
+15807500193
+15803743049
+15803012597
+15807681459
+15807069423
+15807616849
+15809563443
+15803011289
+15807069606
+15807061002
+15806701438
+15809563454
+15807681453
+15809564305
+15802912798
+15807068266
+15802911220
+15809192723
+15805605262
+15809569763
+15809563786
+15805302894
+15804187397
+15805795928
+15807680178
+15804611746
+15802916581
+15807214686
+15809519309
+15807214201
+15805791349
+15804613019
+15805799027
+15809195458
+15809515333
+15805309970
+15802917606
+15809197261
+15807615351
+15809191264
+15808051061
+15803077994
+15805300180
+15805300458
+15803344324
+15804619118
+15802911351
+15809514101
+15803014340
+15807211402
+15802917458
+15805503679
+15809560552
+15806930890
+15807210155
+15804617796
+15807066159
+15804618055
+15805604774
+15805745441
+15807612600
+15809560412
+15807061660
+15807610915
+15806700915
+15803741973
+15807613476
+15807610889
+15809560428
+15804611277
+15802917491
+15803012594
+15809191636
+15803342408
+15809513809
+15807210539
+15804491108
+15805790822
+15805608663
+15805790991
+15805742341
+15809190647
+15807688173
+15805509707
+15807500209
+15803743495
+15805796555
+15804188327
+15805797714
+15805304361
+15807616873
+15803743159
+15809195753
+15803072339
+15809194275
+15805742391
+15805745618
+15805607654
+15803745974
+15802912188
+15809194181
+15804500943
+15806700640
+15804611612
+15809199613
+15809566267
+15807210767
+15807612260
+15809193569
+15802910516
+15807616334
+15803346144
+15805600521
+15805304299
+15803743610
+15809190699
+15807614443
+15803746886
+15807068873
+15807069108
+15806704089
+15809192340
+15809193091
+15803013766
+15805300818
+15803741407
+15805794199
+15805744517
+15802918229
+15805740249
+15805799967
+15805745296
+15807210103
+15806707031
+15807682614
+15805506589
+15809513945
+15803345618
+15803741852
+15807610698
+15807068278
+15809191860
+15802910654
+15805300404
+15804250901
+15805791126
+15809519534
+15807684957
+15803012295
+15803013507
+15805746004
+15805796345
+15802912748
+15807612282
+15805745152
+15805796322
+15804615244
+15805790116
+15803742587
+15807211075
+15804490520
+15803743342
+15808810472
+15805794116
+15807684789
+15803742885
+15803344810
+15804615969
+15804612057
+15809195122
+15809569702
+15804500523
+15802918192
+15809561049
+15804611083
+15805747324
+15803017116
+15806700221
+15803741561
+15805790847
+15805603418
+15803345656
+15803074626
+15803743668
+15803902188
+15805303658
+15807615715
+15807610243
+15804617254
+15805300689
+15805747313
+15804501232
+15806930130
+15802912583
+15808170380
+15805799330
+15804615786
+15806930411
+15809190770
+15807214059
+15809191667
+15802912654
+15805609253
+15806700715
+15803014147
+15809192528
+15807068138
+15802912175
+15804187545
+15805742274
+15805791904
+15807069664
+15805304211
+15809193635
+15803748520
+15803746013
+15803014274
+15807680555
+15802916388
+15809513517
+15803072736
+15807210464
+15806701589
+15804250603
+15807683401
+15807684481
+15805790611
+15807683202
+15802912571
+15809199416
+15803741982
+15803019796
+15807684187
+15809566454
+15807688100
+15803074403
+15804616343
+15805603782
+15803074665
+15804501560
+15807610035
+15809190384
+15806000218
+15807617500
+15806700035
+15805748050
+15802916077
+15805309887
+15804612271
+15809566147
+15802913759
+15806702635
+15805743852
+15805301350
+15807618169
+15803075837
+15807211145
+15807689748
+15805791442
+15805746634
+15805744967
+15802910326
+15803343749
+15805302405
+15806702057
+15805608705
+15805749071
+15803335026
+15807214126
+15809190271
+15802913596
+15804614354
+15809510068
+15804617079
+15803748051
+15807612447
+15805300210
+15804502646
+15804618154
+15809191472
+15807616241
+15807689746
+15809511109
+15805301978
+15807687189
+15803010937
+15804613882
+15809195960
+15805748615
+15809510554
+15807613116
+15805607528
+15803340165
+15804610849
+15809513685
+15803903102
+15802912379
+15807610192
+15803346943
+15805747337
+15809197254
+15805305661
+15805500194
+15803745829
+15803019565
+15804614700
+15807683447
+15805795687
+15809195379
+15803075904
+15805799004
+15805509726
+15807682957
+15805749567
+15803741391
+15802731397
+15803075517
+15805746934
+15809569200
+15805797619
+15809197419
+15805301812
+15802919929
+15805747595
+15804611432
+15805740000
+15802912418
+15804615279
+15807616721
+15805741291
+15809191992
+15804619142
+15808170913
+15805304478
+15805509472
+15809300079
+15804616406
+15805798997
+15804501004
+15807615673
+15807060018
+15803342596
+15809510917
+15805744863
+15805795114
+15805744214
+15807614243
+15803341226
+15805304662
+15805743304
+15805798419
+15802916261
+15804619594
+15805309321
+15805501823
+15807610273
+15805609961
+15805746963
+15803345163
+15804610871
+15805791318
+15805794734
+15805744285
+15807500025
+15808050077
+15807683061
+15805509639
+15805796099
+15802910867
+15803341545
+15803079818
+15806704272
+15807680613
+15805797892
+15806701835
+15809300430
+15805608941
+15803010327
+15805795631
+15803748150
+15804616230
+15803010735
+15805748797
+15807069597
+15809195430
+15804613577
+15804502570
+15803342140
+15809192363
+15802732111
+15805501914
+15803345691
+15804614227
+15803010141
+15804187059
+15809198906
+15804612221
+15809565517
+15805746861
+15803340241
+15803349661
+15807618476
+15804503452
+15807612657
+15803343497
+15805798268
+15805605815
+15805501817
+15805745188
+15807067918
+15809040262
+15804613175
+15805796051
+15809565408
+15804188621
+15803011399
+15803340234
+15807211360
+15807616982
+15804618248
+15807213097
+15807060051
+15809519326
+15805609243
+15809513389
+15802912394
+15807614165
+15809514567
+15805747505
+15807614621
+15802912138
+15809561728
+15807616652
+15809197884
+15807617437
+15807068210
+15807214548
+15802738085
+15807068067
+15805743661
+15807610252
+15806700821
+15806704658
+15805747518
+15809510588
+15805609333
+15807219515
+15807219514
+15809569295
+15802917699
+15807617400
+15803012488
+15807799309
+15809194350
+15804615785
+15803745295
+15809194535
+15803900317
+15803340486
+15803344182
+15805606323
+15809300625
+15807689670
+15806708030
+15803347902
+15803344400
+15809519897
+15807685391
+15806930704
+15809514424
+15807616098
+15807614292
+15809193345
+15805799586
+15809300684
+15809565284
+15807683214
+15807060842
+15809569851
+15802911445
+15807680380
+15809199966
+15805791735
+15806000334
+15807689962
+15807069803
+15809191260
+15805604357
+15804501449
+15807068920
+15803742331
+15803077413
+15804616640
+15802919041
+15805604129
+15805301308
+15809195198
+15804613002
+15802917456
+15807615154
+15804501190
+15802917677
+15807615779
+15805601061
+15807614105
+15803341976
+15806930824
+15807684838
+15807612176
+15805603086
+15802735393
+15803012401
+15804619079
+15809194745
+15805603905
+15809300696
+15802919702
+15805792188
+15802912788
+15806704079
+15809197772
+15807682083
+15804613754
+15809195048
+15809514445
+15804188553
+15805609313
+15802910582
+15807500203
+15803011290
+15807615247
+15808170132
+15803903653
+15803742748
+15804610712
+15803010092
+15807617040
+15803742668
+15805742195
+15805793428
+15805749033
+15805609129
+15807615184
+15804610693
+15805797062
+15803743119
+15807616839
+15805601332
+15804617252
+15807681106
+15809560116
+15805748317
+15807614639
+15805740548
+15807219137
+15807610872
+15807682310
+15803079189
+15805509556
+15804617908
+15807615622
+15809199042
+15809516907
+15807211557
+15809519604
+15803742860
+15803744830
+15807068212
+15807682247
+15809191159
+15802913414
+15808171308
+15809513390
+15807060873
+15803745795
+15807683049
+15803901003
+15805799978
+15807702001
+15807211420
+15809193029
+15805746086
+15805794413
+15803010976
+15804615949
+15803010195
+15809560004
+15807619831
+15804501045
+15809510301
+15803741515
+15807616726
+15803741554
+15805799296
+15805748777
+15805748601
+15807615896
+15805748419
+15803349600
+15803348451
+15807060296
+15805500598
+15805743734
+15805309613
+15809199142
+15809196510
+15807613291
+15807613970
+15805792328
+15809195594
+15809195897
+15805745836
+15803010066
+15805500155
+15805797985
+15805797836
+15807066944
+15809191307
+15805604852
+15806701565
+15803343454
+15807500092
+15803349645
+15804614471
+15804502734
+15809191858
+15803346777
+15809564372
+15803342410
+15803013560
+15807617737
+15803014551
+15803349836
+15804250951
+15805745343
+15806930921
+15804188756
+15805749612
+15804612338
+15805794767
+15804612456
+15809190357
+15805742026
+15805503782
+15805745024
+15806930141
+15809192309
+15809510136
+15809199842
+15805603323
+15803011717
+15805748830
+15803073772
+15807213824
+15803012641
+15809566715
+15803748198
+15803077429
+15803011453
+15806700712
+15805748562
+15807683937
+15807611982
+15806704992
+15809190516
+15807611609
+15809196237
+15804615071
+15807685743
+15803345865
+15804502025
+15804188161
+15805798612
+15803011618
+15808050223
+15808170915
+15804618175
+15807689773
+15802917567
+15806707352
+15805503899
+15803014968
+15805601684
+15807613825
+15809192304
+15807616148
+15804613018
+15805302135
+15807684942
+15803903788
+15807683654
+15809564865
+15807684610
+15805748594
+15803348764
+15805747492
+15803348659
+15809197094
+15803347548
+15809191196
+15803074911
+15802914449
+15803074727
+15807617245
+15805603616
+15805309382
+15803344564
+15809198784
+15803901392
+15807682433
+15809519048
+15803348056
+15802918558
+15805606302
+15809510650
+15803341757
+15802739263
+15802917427
+15804187246
+15805742937
+15805794797
+15803075183
+15807613126
+15805798334
+15803745650
+15807611504
+15805743280
+15807613409
+15803341849
+15805741321
+15802917228
+15805798360
+15807618910
+15809564398
+15804188393
+15809566668
+15802913621
+15804188191
+15809198551
+15807611743
+15805743159
+15803075750
+15807687516
+15802912908
+15807219394
+15807069122
+15804501563
+15803344117
+15804188502
+15809199901
+15807211237
+15803013970
+15805301514
+15809513089
+15805791647
+15807682919
+15804187303
+15804250025
+15807682517
+15804615359
+15803748838
+15809518907
+15806701564
+15807681824
+15809564076
+15809193353
+15809564979
+15804618021
+15805746538
+15807614350
+15805604493
+15806705357
+15807616014
+15803748213
+15803077929
+15802919375
+15805743841
+15807684175
+15806702040
+15809565756
+15809192234
+15807618407
+15805790520
+15804501347
+15804612568
+15806704640
+15807683140
+15805795083
+15809514736
+15809190334
+15803019300
+15802919300
+15808050686
+15809518835
+15809300543
+15804610212
+15805748034
+15805746568
+15802917202
+15805600790
+15803019703
+15803741243
+15807689797
+15803012970
+15804187680
+15805741754
+15805743274
+15807210536
+15805740104
+15805795650
+15805795528
+15807684928
+15805604208
+15809196975
+15805740189
+15804610360
+15804188333
+15809190281
+15807213338
+15806701515
+15805795104
+15807069318
+15804612322
+15806930436
+15809197339
+15805500005
+15803011941
+15804618607
+15805302647
+15807612662
+15803741086
+15807682689
+15809519909
+15806704374
+15807069161
+15803345969
+15804613079
+15807614620
+15805790181
+15804187149
+15805600355
+15807610124
+15803072090
+15805790207
+15807618084
+15807618283
+15804187827
+15805797793
+15807616804
+15809193159
+15807689996
+15803344635
+15806704924
+15802913311
+15807611344
+15804188614
+15805609155
+15806701968
+15802917102
+15803741449
+15809190730
+15803902637
+15803900482
+15805743005
+15807683762
+15807615518
+15809569621
+15806705145
+15804611535
+15802733595
+15802916249
+15804250424
+15804501274
+15809514629
+15805749398
+15809561060
+15805500623
+15805300977
+15805740413
+15802912340
+15805740880
+15804187253
+15809564454
+15805746678
+15809518747
+15802911812
+15805744670
+15803019080
+15805600437
+15806930825
+15802915834
+15807061147
+15802731384
+15807683134
+15806705059
+15809515382
+15805790200
+15803742213
+15804610250
+15805742442
+15803344263
+15809199073
+15803343320
+15809195827
+15805790603
+15807613721
+15807619554
+15809563947
+15807210446
+15804491087
+15807683091
+15803014729
+15805798784
+15806701166
+15803012108
+15805794041
+15807610471
+15805600469
+15803072092
+15805601280
+15804615322
+15807068827
+15803743521
+15808170245
+15807210560
+15802919448
+15809198977
+15804611680
+15805743064
+15803742082
+15805790025
+15807612875
+15804502242
+15807685851
+15802916432
+15809569074
+15808810321
